Gender,Ethnicity,Child's First Name,Count
MALE,HISPANIC,Liam,387
MALE,HISPANIC,Jacob,351
MALE,HISPANIC,Dylan,312
MALE,HISPANIC,Matthew,297
FEMALE,HISPANIC,Isabella,276
MALE,HISPANIC,Noah,269
MALE,WHITE NON HISPANIC,Joseph,261
FEMALE,HISPANIC,Sophia,261
MALE,WHITE NON HISPANIC,Michael,260
MALE,HISPANIC,Sebastian,256
MALE,WHITE NON HISPANIC,David,255
MALE,HISPANIC,Ethan,250
MALE,WHITE NON HISPANIC,Moshe,239
MALE,WHITE NON HISPANIC,Jacob,236
MALE,WHITE NON HISPANIC,James,231
MALE,HISPANIC,Jayden,231
FEMALE,WHITE NON HISPANIC,Olivia,230
FEMALE,HISPANIC,Mia,228
FEMALE,WHITE NON HISPANIC,Rachel,221
MALE,WHITE NON HISPANIC,Benjamin,219
MALE,WHITE NON HISPANIC,Alexander,211
FEMALE,WHITE NON HISPANIC,Esther,209
MALE,HISPANIC,Lucas,206
FEMALE,WHITE NON HISPANIC,Sarah,202
FEMALE,WHITE NON HISPANIC,Emma,201
FEMALE,HISPANIC,Emma,197
MALE,WHITE NON HISPANIC,Daniel,196
MALE,WHITE NON HISPANIC,Henry,196
MALE,ASIAN AND PACIFIC ISLANDER,Ethan,193
MALE,HISPANIC,Aiden,192
FEMALE,WHITE NON HISPANIC,Charlotte,190
MALE,HISPANIC,Daniel,188
MALE,HISPANIC,Angel,187
FEMALE,WHITE NON HISPANIC,Chaya,182
FEMALE,HISPANIC,Camila,180
FEMALE,HISPANIC,Sofia,179
MALE,WHITE NON HISPANIC,Adam,178
MALE,WHITE NON HISPANIC,Jack,178
FEMALE,WHITE NON HISPANIC,Leah,178
FEMALE,ASIAN AND PACIFIC ISLANDER,Olivia,172
MALE,HISPANIC,Alexander,169
MALE,WHITE NON HISPANIC,William,169
FEMALE,WHITE NON HISPANIC,Ava,168
MALE,HISPANIC,Mason,168
FEMALE,WHITE NON HISPANIC,Chana,166
MALE,WHITE NON HISPANIC,Abraham,163
MALE,HISPANIC,Christopher,163
MALE,ASIAN AND PACIFIC ISLANDER,Ryan,160
FEMALE,WHITE NON HISPANIC,Miriam,159
MALE,ASIAN AND PACIFIC ISLANDER,Muhammad,157
MALE,WHITE NON HISPANIC,Samuel,156
MALE,ASIAN AND PACIFIC ISLANDER,Lucas,148
MALE,BLACK NON HISPANIC,Noah,148
FEMALE,WHITE NON HISPANIC,Sara,148
MALE,WHITE NON HISPANIC,Noah,147
MALE,WHITE NON HISPANIC,John,146
FEMALE,WHITE NON HISPANIC,Sophia,144
MALE,WHITE NON HISPANIC,Isaac,143
MALE,WHITE NON HISPANIC,Oliver,142
MALE,HISPANIC,Aaron,141
MALE,WHITE NON HISPANIC,Chaim,140
MALE,ASIAN AND PACIFIC ISLANDER,Jayden,138
MALE,HISPANIC,Mateo,138
MALE,BLACK NON HISPANIC,Aiden,137
MALE,HISPANIC,Joshua,137
FEMALE,WHITE NON HISPANIC,Maya,137
FEMALE,WHITE NON HISPANIC,Emily,136
MALE,WHITE NON HISPANIC,Nicholas,136
MALE,HISPANIC,Adrian,135
MALE,ASIAN AND PACIFIC ISLANDER,Aiden,133
MALE,WHITE NON HISPANIC,Ethan,133
MALE,HISPANIC,Anthony,130
MALE,HISPANIC,David,129
MALE,WHITE NON HISPANIC,Ryan,129
MALE,WHITE NON HISPANIC,Liam,128
MALE,WHITE NON HISPANIC,Matthew,127
FEMALE,WHITE NON HISPANIC,Rivka,127
MALE,HISPANIC,Michael,126
FEMALE,HISPANIC,Emily,124
MALE,WHITE NON HISPANIC,Gabriel,124
MALE,WHITE NON HISPANIC,Leo,121
FEMALE,HISPANIC,Valentina,119
FEMALE,HISPANIC,Abigail,117
MALE,WHITE NON HISPANIC,Eli,117
FEMALE,WHITE NON HISPANIC,Elizabeth,117
FEMALE,WHITE NON HISPANIC,Mia,117
MALE,WHITE NON HISPANIC,Theodore,117
MALE,BLACK NON HISPANIC,Elijah,116
FEMALE,HISPANIC,Leah,116
FEMALE,HISPANIC,Victoria,116
MALE,HISPANIC,Gabriel,115
MALE,HISPANIC,Logan,115
MALE,WHITE NON HISPANIC,Lucas,115
FEMALE,HISPANIC,Madison,115
FEMALE,WHITE NON HISPANIC,Ella,114
MALE,HISPANIC,Isaac,114
MALE,WHITE NON HISPANIC,Yosef,114
FEMALE,ASIAN AND PACIFIC ISLANDER,Chloe,112
MALE,WHITE NON HISPANIC,Thomas,112
FEMALE,HISPANIC,Ava,110
MALE,HISPANIC,Ian,110
FEMALE,WHITE NON HISPANIC,Sofia,110
FEMALE,BLACK NON HISPANIC,Ava,109
MALE,WHITE NON HISPANIC,Charles,109
MALE,BLACK NON HISPANIC,Liam,108
FEMALE,HISPANIC,Olivia,108
MALE,BLACK NON HISPANIC,Ethan,107
MALE,HISPANIC,Joseph,104
FEMALE,BLACK NON HISPANIC,Madison,104
FEMALE,ASIAN AND PACIFIC ISLANDER,Sophia,104
MALE,HISPANIC,Julian,103
MALE,HISPANIC,Ryan,103
MALE,WHITE NON HISPANIC,Andrew,102
MALE,WHITE NON HISPANIC,Dylan,101
MALE,BLACK NON HISPANIC,Jeremiah,101
MALE,WHITE NON HISPANIC,Anthony,100
FEMALE,HISPANIC,Ashley,100
MALE,WHITE NON HISPANIC,Shimon,100
FEMALE,WHITE NON HISPANIC,Alexandra,99
FEMALE,WHITE NON HISPANIC,Amelia,99
FEMALE,ASIAN AND PACIFIC ISLANDER,Emily,99
FEMALE,ASIAN AND PACIFIC ISLANDER,Emma,99
MALE,HISPANIC,Josiah,99
MALE,WHITE NON HISPANIC,Max,99
MALE,WHITE NON HISPANIC,Yisroel,98
FEMALE,HISPANIC,Allison,97
MALE,WHITE NON HISPANIC,Luke,97
MALE,BLACK NON HISPANIC,Amir,95
FEMALE,WHITE NON HISPANIC,Malka,95
MALE,BLACK NON HISPANIC,Joshua,94
MALE,HISPANIC,Justin,94
FEMALE,HISPANIC,Scarlett,94
FEMALE,HISPANIC,Genesis,93
FEMALE,WHITE NON HISPANIC,Faigy,91
MALE,HISPANIC,Jose,91
MALE,BLACK NON HISPANIC,Josiah,91
MALE,HISPANIC,Kevin,91
MALE,BLACK NON HISPANIC,Mason,91
MALE,WHITE NON HISPANIC,Mordechai,91
MALE,HISPANIC,Elijah,90
MALE,HISPANIC,Luis,88
MALE,WHITE NON HISPANIC,Yehuda,88
MALE,HISPANIC,Jonathan,87
FEMALE,WHITE NON HISPANIC,Malky,87
FEMALE,HISPANIC,Melanie,87
MALE,WHITE NON HISPANIC,Menachem,87
FEMALE,HISPANIC,Brianna,86
FEMALE,WHITE NON HISPANIC,Gitty,86
FEMALE,HISPANIC,Alexa,85
MALE,WHITE NON HISPANIC,Julian,85
MALE,WHITE NON HISPANIC,Luca,85
FEMALE,WHITE NON HISPANIC,Grace,84
MALE,WHITE NON HISPANIC,Sebastian,84
MALE,HISPANIC,Benjamin,83
MALE,HISPANIC,James,83
MALE,HISPANIC,Nathan,83
MALE,HISPANIC,Samuel,83
FEMALE,HISPANIC,Zoe,83
FEMALE,WHITE NON HISPANIC,Abigail,82
MALE,HISPANIC,Jeremiah,82
MALE,ASIAN AND PACIFIC ISLANDER,Daniel,81
FEMALE,HISPANIC,Hailey,81
FEMALE,WHITE NON HISPANIC,Isabella,81
FEMALE,HISPANIC,Kimberly,81
FEMALE,WHITE NON HISPANIC,Zoe,81
FEMALE,WHITE NON HISPANIC,Anna,80
MALE,BLACK NON HISPANIC,Carter,80
MALE,HISPANIC,John,80
MALE,WHITE NON HISPANIC,Zachary,80
MALE,HISPANIC,Jeremy,79
FEMALE,WHITE NON HISPANIC,Lily,79
FEMALE,WHITE NON HISPANIC,Madison,79
FEMALE,ASIAN AND PACIFIC ISLANDER,Mia,79
FEMALE,HISPANIC,Samantha,79
MALE,HISPANIC,Carlos,78
MALE,HISPANIC,Nicholas,78
MALE,ASIAN AND PACIFIC ISLANDER,Evan,77
MALE,WHITE NON HISPANIC,Jackson,77
MALE,HISPANIC,Christian,76
MALE,WHITE NON HISPANIC,George,76
FEMALE,WHITE NON HISPANIC,Hannah,76
MALE,ASIAN AND PACIFIC ISLANDER,Jason,76
MALE,ASIAN AND PACIFIC ISLANDER,Liam,76
FEMALE,WHITE NON HISPANIC,Victoria,76
MALE,HISPANIC,Andrew,75
FEMALE,HISPANIC,Chloe,75
FEMALE,WHITE NON HISPANIC,Gabriella,75
MALE,BLACK NON HISPANIC,Jayden,75
MALE,HISPANIC,Ayden,74
MALE,HISPANIC,Brandon,74
FEMALE,HISPANIC,Ariana,73
MALE,HISPANIC,Elias,73
FEMALE,WHITE NON HISPANIC,Julia,73
MALE,WHITE NON HISPANIC,Mason,73
MALE,ASIAN AND PACIFIC ISLANDER,Matthew,73
MALE,HISPANIC,Xavier,73
FEMALE,WHITE NON HISPANIC,Chloe,72
MALE,HISPANIC,Leonardo,72
FEMALE,WHITE NON HISPANIC,Alice,71
MALE,WHITE NON HISPANIC,Christopher,71
MALE,BLACK NON HISPANIC,Michael,71
MALE,WHITE NON HISPANIC,Owen,71
MALE,WHITE NON HISPANIC,Jonathan,70
FEMALE,HISPANIC,Arianna,69
MALE,ASIAN AND PACIFIC ISLANDER,Austin,69
MALE,HISPANIC,Diego,69
MALE,WHITE NON HISPANIC,Asher,68
FEMALE,WHITE NON HISPANIC,Eva,68
FEMALE,HISPANIC,Penelope,68
MALE,WHITE NON HISPANIC,Robert,68
FEMALE,BLACK NON HISPANIC,Skylar,68
MALE,WHITE NON HISPANIC,Aiden,67
MALE,ASIAN AND PACIFIC ISLANDER,Eric,67
FEMALE,WHITE NON HISPANIC,Harper,67
MALE,WHITE NON HISPANIC,Nathan,67
MALE,WHITE NON HISPANIC,Shlomo,67
FEMALE,WHITE NON HISPANIC,Stella,67
MALE,WHITE NON HISPANIC,Yitzchok,67
FEMALE,HISPANIC,Alaia,66
FEMALE,HISPANIC,Amelia,66
MALE,BLACK NON HISPANIC,David,66
FEMALE,WHITE NON HISPANIC,Emilia,66
FEMALE,WHITE NON HISPANIC,Mila,66
MALE,BLACK NON HISPANIC,Chase,65
MALE,BLACK NON HISPANIC,Logan,65
FEMALE,BLACK NON HISPANIC,Riley,65
FEMALE,HISPANIC,Kaylee,64
MALE,ASIAN AND PACIFIC ISLANDER,Kevin,64
MALE,BLACK NON HISPANIC,King,64
MALE,WHITE NON HISPANIC,Omar,64
MALE,HISPANIC,Axel,63
MALE,HISPANIC,Erick,63
MALE,WHITE NON HISPANIC,Hudson,63
MALE,HISPANIC,Jesus,62
MALE,WHITE NON HISPANIC,Joshua,62
MALE,WHITE NON HISPANIC,Miles,62
FEMALE,WHITE NON HISPANIC,Penelope,62
FEMALE,WHITE NON HISPANIC,Sophie,62
MALE,ASIAN AND PACIFIC ISLANDER,William,62
MALE,WHITE NON HISPANIC,Aron,61
MALE,BLACK NON HISPANIC,Christian,61
MALE,ASIAN AND PACIFIC ISLANDER,Justin,61
MALE,WHITE NON HISPANIC,Mark,61
MALE,HISPANIC,Oliver,61
FEMALE,WHITE NON HISPANIC,Rivky,61
FEMALE,WHITE NON HISPANIC,Sienna,61
FEMALE,HISPANIC,Valerie,61
FEMALE,HISPANIC,Maria,60
MALE,WHITE NON HISPANIC,Maxwell,60
MALE,ASIAN AND PACIFIC ISLANDER,Owen,60
MALE,WHITE NON HISPANIC,Shmuel,60
FEMALE,ASIAN AND PACIFIC ISLANDER,Charlotte,59
MALE,HISPANIC,Alan,58
MALE,BLACK NON HISPANIC,Cameron,58
FEMALE,HISPANIC,Gabriella,58
FEMALE,WHITE NON HISPANIC,Layla,58
MALE,ASIAN AND PACIFIC ISLANDER,Mohammad,58
MALE,WHITE NON HISPANIC,Nathaniel,58
MALE,ASIAN AND PACIFIC ISLANDER,Oliver,58
MALE,BLACK NON HISPANIC,Tyler,58
FEMALE,WHITE NON HISPANIC,Yitty,58
FEMALE,BLACK NON HISPANIC,Aaliyah,57
MALE,ASIAN AND PACIFIC ISLANDER,Aaron,57
FEMALE,WHITE NON HISPANIC,Avery,57
MALE,WHITE NON HISPANIC,Connor,57
FEMALE,HISPANIC,Elizabeth,57
FEMALE,WHITE NON HISPANIC,Evelyn,57
MALE,BLACK NON HISPANIC,Isaiah,57
MALE,BLACK NON HISPANIC,Jacob,57
MALE,HISPANIC,Kayden,57
FEMALE,HISPANIC,Layla,57
MALE,WHITE NON HISPANIC,Logan,57
FEMALE,HISPANIC,Luna,57
MALE,WHITE NON HISPANIC,Meir,57
MALE,ASIAN AND PACIFIC ISLANDER,Noah,57
FEMALE,ASIAN AND PACIFIC ISLANDER,Sarah,57
FEMALE,WHITE NON HISPANIC,Violet,57
MALE,WHITE NON HISPANIC,Yakov,57
FEMALE,HISPANIC,Aaliyah,56
MALE,HISPANIC,Emmanuel,56
FEMALE,ASIAN AND PACIFIC ISLANDER,Hannah,56
MALE,ASIAN AND PACIFIC ISLANDER,Henry,56
FEMALE,ASIAN AND PACIFIC ISLANDER,Isabella,56
MALE,WHITE NON HISPANIC,Levi,56
MALE,BLACK NON HISPANIC,Malachi,56
MALE,WHITE NON HISPANIC,Aaron,55
FEMALE,WHITE NON HISPANIC,Baila,55
MALE,ASIAN AND PACIFIC ISLANDER,Benjamin,55
MALE,HISPANIC,Gael,55
FEMALE,HISPANIC,Gianna,55
MALE,HISPANIC,Joel,55
FEMALE,WHITE NON HISPANIC,Raizy,55
FEMALE,WHITE NON HISPANIC,Riley,55
MALE,HISPANIC,Steven,55
MALE,HISPANIC,Thiago,55
FEMALE,HISPANIC,Zoey,55
FEMALE,ASIAN AND PACIFIC ISLANDER,Angela,54
MALE,WHITE NON HISPANIC,Ezra,54
FEMALE,ASIAN AND PACIFIC ISLANDER,Grace,54
MALE,HISPANIC,Jason,54
MALE,ASIAN AND PACIFIC ISLANDER,Mason,54
MALE,ASIAN AND PACIFIC ISLANDER,Nathan,54
MALE,HISPANIC,Santiago,54
FEMALE,BLACK NON HISPANIC,Savannah,54
FEMALE,WHITE NON HISPANIC,Toby,54
FEMALE,WHITE NON HISPANIC,Valentina,54
MALE,BLACK NON HISPANIC,Zion,54
MALE,HISPANIC,Alex,53
MALE,ASIAN AND PACIFIC ISLANDER,Alexander,53
MALE,WHITE NON HISPANIC,Ali,53
FEMALE,ASIAN AND PACIFIC ISLANDER,Ava,53
FEMALE,WHITE NON HISPANIC,Eleanor,53
FEMALE,WHITE NON HISPANIC,Naomi,53
MALE,WHITE NON HISPANIC,Shaya,53
MALE,HISPANIC,Alejandro,52
FEMALE,HISPANIC,Amy,52
MALE,BLACK NON HISPANIC,Daniel,52
FEMALE,HISPANIC,Daniela,52
MALE,HISPANIC,Nicolas,52
FEMALE,BLACK NON HISPANIC,Chloe,51
MALE,WHITE NON HISPANIC,Dov,51
MALE,ASIAN AND PACIFIC ISLANDER,Leo,51
FEMALE,HISPANIC,Nicole,51
MALE,WHITE NON HISPANIC,Simon,51
MALE,ASIAN AND PACIFIC ISLANDER,Vincent,51
MALE,HISPANIC,William,51
MALE,HISPANIC,Damian,50
MALE,BLACK NON HISPANIC,Kayden,50
MALE,WHITE NON HISPANIC,Ari,49
MALE,HISPANIC,Austin,49
MALE,ASIAN AND PACIFIC ISLANDER,Ian,49
FEMALE,ASIAN AND PACIFIC ISLANDER,Joanna,49
FEMALE,HISPANIC,Juliette,49
FEMALE,BLACK NON HISPANIC,Olivia,49
FEMALE,WHITE NON HISPANIC,Rose,49
FEMALE,HISPANIC,Sarah,49
MALE,WHITE NON HISPANIC,Tzvi,49
FEMALE,BLACK NON HISPANIC,Abigail,48
MALE,HISPANIC,Adam,48
FEMALE,WHITE NON HISPANIC,Caroline,48
FEMALE,HISPANIC,Charlotte,48
FEMALE,WHITE NON HISPANIC,Claire,48
FEMALE,BLACK NON HISPANIC,Fatoumata,48
FEMALE,HISPANIC,Jade,48
MALE,HISPANIC,Juan,48
FEMALE,WHITE NON HISPANIC,Madeline,48
FEMALE,HISPANIC,Mila,48
MALE,WHITE NON HISPANIC,Oscar,48
MALE,WHITE NON HISPANIC,Adrian,47
MALE,WHITE NON HISPANIC,Avraham,47
MALE,BLACK NON HISPANIC,Ayden,47
MALE,WHITE NON HISPANIC,Edward,47
MALE,WHITE NON HISPANIC,Hunter,47
MALE,HISPANIC,Isaiah,47
MALE,HISPANIC,Jace,47
MALE,WHITE NON HISPANIC,Jonah,47
MALE,BLACK NON HISPANIC,Kaiden,47
FEMALE,WHITE NON HISPANIC,Maria,47
MALE,BLACK NON HISPANIC,Messiah,47
FEMALE,WHITE NON HISPANIC,Shaindy,47
FEMALE,WHITE NON HISPANIC,Talia,47
MALE,WHITE NON HISPANIC,Vincent,47
MALE,HISPANIC,Bryan,46
FEMALE,WHITE NON HISPANIC,Devorah,46
MALE,ASIAN AND PACIFIC ISLANDER,Dylan,46
MALE,WHITE NON HISPANIC,Harrison,46
FEMALE,HISPANIC,Katherine,46
FEMALE,HISPANIC,Kylie,46
FEMALE,WHITE NON HISPANIC,Nora,46
FEMALE,BLACK NON HISPANIC,Peyton,46
FEMALE,WHITE NON HISPANIC,Ruby,46
MALE,ASIAN AND PACIFIC ISLANDER,Andrew,45
FEMALE,HISPANIC,Bella,45
FEMALE,WHITE NON HISPANIC,Chany,45
MALE,ASIAN AND PACIFIC ISLANDER,Jacob,45
FEMALE,WHITE NON HISPANIC,Lila,45
MALE,BLACK NON HISPANIC,Mohamed,45
MALE,BLACK NON HISPANIC,Samuel,45
MALE,WHITE NON HISPANIC,Zev,45
FEMALE,BLACK NON HISPANIC,Zoe,45
FEMALE,ASIAN AND PACIFIC ISLANDER,Amelia,44
MALE,BLACK NON HISPANIC,Christopher,44
FEMALE,WHITE NON HISPANIC,Fiona,44
FEMALE,HISPANIC,Grace,44
FEMALE,BLACK NON HISPANIC,Isabella,44
MALE,HISPANIC,Jayce,44
MALE,ASIAN AND PACIFIC ISLANDER,Jonathan,44
FEMALE,WHITE NON HISPANIC,Josephine,44
MALE,ASIAN AND PACIFIC ISLANDER,Kyle,44
MALE,BLACK NON HISPANIC,Kyrie,44
FEMALE,WHITE NON HISPANIC,Lucy,44
FEMALE,HISPANIC,Riley,44
FEMALE,BLACK NON HISPANIC,Faith,43
FEMALE,HISPANIC,Gabriela,43
FEMALE,WHITE NON HISPANIC,Natalie,43
FEMALE,WHITE NON HISPANIC,Rebecca,43
MALE,WHITE NON HISPANIC,Solomon,43
MALE,WHITE NON HISPANIC,Yaakov,43
MALE,HISPANIC,Abraham,42
FEMALE,WHITE NON HISPANIC,Amina,42
FEMALE,ASIAN AND PACIFIC ISLANDER,Arya,42
MALE,WHITE NON HISPANIC,Christian,42
FEMALE,ASIAN AND PACIFIC ISLANDER,Ella,42
FEMALE,ASIAN AND PACIFIC ISLANDER,Evelyn,42
MALE,ASIAN AND PACIFIC ISLANDER,Ivan,42
FEMALE,HISPANIC,Kayla,42
MALE,HISPANIC,Matteo,42
MALE,HISPANIC,Nathaniel,42
MALE,BLACK NON HISPANIC,Ryan,42
FEMALE,BLACK NON HISPANIC,Autumn,41
MALE,WHITE NON HISPANIC,Eliezer,41
MALE,ASIAN AND PACIFIC ISLANDER,James,41
MALE,BLACK NON HISPANIC,Jayce,41
MALE,BLACK NON HISPANIC,Justin,41
MALE,WHITE NON HISPANIC,Leon,41
MALE,WHITE NON HISPANIC,Leonardo,41
FEMALE,BLACK NON HISPANIC,London,41
MALE,WHITE NON HISPANIC,Peter,41
FEMALE,WHITE NON HISPANIC,Sadie,41
FEMALE,WHITE NON HISPANIC,Samantha,41
FEMALE,WHITE NON HISPANIC,Scarlett,41
FEMALE,WHITE NON HISPANIC,Sloane,41
FEMALE,ASIAN AND PACIFIC ISLANDER,Ariana,40
MALE,BLACK NON HISPANIC,Caleb,40
FEMALE,WHITE NON HISPANIC,Clara,40
FEMALE,WHITE NON HISPANIC,Eliana,40
MALE,HISPANIC,Evan,40
FEMALE,WHITE NON HISPANIC,Gianna,40
MALE,HISPANIC,Jordan,40
FEMALE,WHITE NON HISPANIC,Liliana,40
MALE,ASIAN AND PACIFIC ISLANDER,Michael,40
MALE,BLACK NON HISPANIC,Nathan,40
FEMALE,BLACK NON HISPANIC,Sophia,40
MALE,BLACK NON HISPANIC,Aaron,39
FEMALE,ASIAN AND PACIFIC ISLANDER,Alina,39
FEMALE,HISPANIC,Alyssa,39
FEMALE,HISPANIC,Ana,39
FEMALE,HISPANIC,Andrea,39
FEMALE,WHITE NON HISPANIC,Dina,39
FEMALE,WHITE NON HISPANIC,Isabelle,39
MALE,WHITE NON HISPANIC,Jake,39
MALE,HISPANIC,Johan,39
FEMALE,WHITE NON HISPANIC,Juliette,39
FEMALE,ASIAN AND PACIFIC ISLANDER,Maya,39
MALE,HISPANIC,Miguel,39
MALE,ASIAN AND PACIFIC ISLANDER,Samuel,39
MALE,WHITE NON HISPANIC,Wyatt,39
MALE,BLACK NON HISPANIC,Xavier,39
MALE,HISPANIC,Abel,38
MALE,WHITE NON HISPANIC,Aidan,38
FEMALE,WHITE NON HISPANIC,Angelina,38
FEMALE,HISPANIC,Aubrey,38
FEMALE,HISPANIC,Avery,38
MALE,ASIAN AND PACIFIC ISLANDER,Brian,38
FEMALE,BLACK NON HISPANIC,Brielle,38
FEMALE,WHITE NON HISPANIC,Chava,38
MALE,WHITE NON HISPANIC,Cole,38
MALE,HISPANIC,Derek,38
MALE,WHITE NON HISPANIC,Dovid,38
MALE,WHITE NON HISPANIC,Evan,38
MALE,HISPANIC,Iker,38
MALE,HISPANIC,Jake,38
FEMALE,BLACK NON HISPANIC,Malia,38
FEMALE,WHITE NON HISPANIC,Pearl,38
MALE,ASIAN AND PACIFIC ISLANDER,Syed,38
MALE,BLACK NON HISPANIC,Tristan,38
FEMALE,WHITE NON HISPANIC,Yocheved,38
FEMALE,HISPANIC,Adriana,37
MALE,HISPANIC,Adriel,37
MALE,ASIAN AND PACIFIC ISLANDER,Alex,37
MALE,BLACK NON HISPANIC,Amari,37
FEMALE,HISPANIC,Amaya,37
FEMALE,BLACK NON HISPANIC,Amelia,37
FEMALE,WHITE NON HISPANIC,Ariana,37
MALE,ASIAN AND PACIFIC ISLANDER,Brandon,37
MALE,WHITE NON HISPANIC,Grayson,37
MALE,HISPANIC,Hunter,37
MALE,ASIAN AND PACIFIC ISLANDER,Ibrahim,37
MALE,BLACK NON HISPANIC,Jace,37
FEMALE,WHITE NON HISPANIC,Katherine,37
FEMALE,WHITE NON HISPANIC,Lillian,37
FEMALE,HISPANIC,Maya,37
MALE,WHITE NON HISPANIC,Mendel,37
FEMALE,BLACK NON HISPANIC,Mia,37
MALE,WHITE NON HISPANIC,Mohamed,37
MALE,WHITE NON HISPANIC,Moses,37
FEMALE,WHITE NON HISPANIC,Nina,37
MALE,WHITE NON HISPANIC,Nolan,37
MALE,WHITE NON HISPANIC,Sam,37
FEMALE,BLACK NON HISPANIC,Taylor,37
MALE,ASIAN AND PACIFIC ISLANDER,Abdullah,36
FEMALE,WHITE NON HISPANIC,Alexa,36
MALE,ASIAN AND PACIFIC ISLANDER,Alvin,36
FEMALE,WHITE NON HISPANIC,Audrey,36
MALE,HISPANIC,Edward,36
FEMALE,HISPANIC,Evelyn,36
FEMALE,BLACK NON HISPANIC,Fatima,36
MALE,HISPANIC,Ivan,36
FEMALE,HISPANIC,Kiara,36
MALE,HISPANIC,Leo,36
FEMALE,HISPANIC,Natalia,36
MALE,BLACK NON HISPANIC,Nathaniel,36
FEMALE,WHITE NON HISPANIC,Noa,36
MALE,WHITE NON HISPANIC,Patrick,36
FEMALE,HISPANIC,Aria,35
FEMALE,WHITE NON HISPANIC,Aria,35
FEMALE,BLACK NON HISPANIC,Arianna,35
MALE,BLACK NON HISPANIC,Ashton,35
MALE,HISPANIC,Caleb,35
MALE,ASIAN AND PACIFIC ISLANDER,Eason,35
FEMALE,ASIAN AND PACIFIC ISLANDER,Fiona,35
MALE,WHITE NON HISPANIC,Gavin,35
FEMALE,WHITE NON HISPANIC,Hazel,35
MALE,BLACK NON HISPANIC,Jaden,35
MALE,ASIAN AND PACIFIC ISLANDER,Jasper,35
MALE,BLACK NON HISPANIC,Joel,35
MALE,BLACK NON HISPANIC,Jonathan,35
MALE,WHITE NON HISPANIC,Judah,35
FEMALE,BLACK NON HISPANIC,Kayla,35
FEMALE,HISPANIC,Khloe,35
MALE,BLACK NON HISPANIC,Matthew,35
MALE,ASIAN AND PACIFIC ISLANDER,Max,35
FEMALE,BLACK NON HISPANIC,Nevaeh,35
FEMALE,WHITE NON HISPANIC,Nicole,35
MALE,BLACK NON HISPANIC,Prince,35
FEMALE,HISPANIC,Savannah,35
MALE,BLACK NON HISPANIC,Alexander,34
FEMALE,HISPANIC,Alice,34
FEMALE,ASIAN AND PACIFIC ISLANDER,Anaya,34
FEMALE,ASIAN AND PACIFIC ISLANDER,Anna,34
MALE,BLACK NON HISPANIC,Anthony,34
MALE,WHITE NON HISPANIC,Arthur,34
FEMALE,ASIAN AND PACIFIC ISLANDER,Ashley,34
FEMALE,WHITE NON HISPANIC,Blima,34
MALE,WHITE NON HISPANIC,Dean,34
FEMALE,ASIAN AND PACIFIC ISLANDER,Fatima,34
MALE,WHITE NON HISPANIC,Finn,34
MALE,BLACK NON HISPANIC,Hunter,34
FEMALE,WHITE NON HISPANIC,Isla,34
MALE,WHITE NON HISPANIC,Israel,34
MALE,ASIAN AND PACIFIC ISLANDER,Kai,34
FEMALE,BLACK NON HISPANIC,Kylie,34
FEMALE,BLACK NON HISPANIC,Nia,34
MALE,ASIAN AND PACIFIC ISLANDER,Tenzin,34
FEMALE,HISPANIC,Valeria,34
FEMALE,WHITE NON HISPANIC,Vivienne,34
FEMALE,BLACK NON HISPANIC,Zoey,34
MALE,WHITE NON HISPANIC,Ahmed,33
FEMALE,BLACK NON HISPANIC,Aisha,33
MALE,HISPANIC,Alexis,33
FEMALE,ASIAN AND PACIFIC ISLANDER,Aria,33
FEMALE,BLACK NON HISPANIC,Aria,33
MALE,ASIAN AND PACIFIC ISLANDER,Ayaan,33
MALE,BLACK NON HISPANIC,Dylan,33
MALE,HISPANIC,Eli,33
MALE,WHITE NON HISPANIC,Elijah,33
FEMALE,HISPANIC,Emely,33
FEMALE,BLACK NON HISPANIC,Gabrielle,33
FEMALE,WHITE NON HISPANIC,Isabel,33
MALE,BLACK NON HISPANIC,Jason,33
MALE,HISPANIC,Javier,33
MALE,ASIAN AND PACIFIC ISLANDER,Jeremy,33
FEMALE,WHITE NON HISPANIC,Juliet,33
MALE,ASIAN AND PACIFIC ISLANDER,Logan,33
MALE,HISPANIC,Oscar,33
FEMALE,BLACK NON HISPANIC,Serenity,33
FEMALE,HISPANIC,Serenity,33
MALE,WHITE NON HISPANIC,Shulem,33
FEMALE,ASIAN AND PACIFIC ISLANDER,Abigail,32
FEMALE,WHITE NON HISPANIC,Adele,32
FEMALE,HISPANIC,Amber,32
MALE,ASIAN AND PACIFIC ISLANDER,Andy,32
MALE,ASIAN AND PACIFIC ISLANDER,Darren,32
MALE,HISPANIC,Edwin,32
FEMALE,HISPANIC,Elena,32
MALE,WHITE NON HISPANIC,Elias,32
FEMALE,WHITE NON HISPANIC,Elle,32
FEMALE,WHITE NON HISPANIC,Esty,32
MALE,ASIAN AND PACIFIC ISLANDER,Gavin,32
MALE,HISPANIC,Henry,32
FEMALE,HISPANIC,Isabel,32
MALE,HISPANIC,Jadiel,32
MALE,BLACK NON HISPANIC,Jayceon,32
MALE,BLACK NON HISPANIC,Jordan,32
MALE,HISPANIC,Josue,32
FEMALE,BLACK NON HISPANIC,Khloe,32
FEMALE,BLACK NON HISPANIC,Laila,32
FEMALE,BLACK NON HISPANIC,Leah,32
FEMALE,HISPANIC,Leslie,32
FEMALE,WHITE NON HISPANIC,Libby,32
FEMALE,WHITE NON HISPANIC,Lucia,32
FEMALE,BLACK NON HISPANIC,Makayla,32
MALE,HISPANIC,Matias,32
FEMALE,HISPANIC,Melissa,32
MALE,HISPANIC,Messiah,32
FEMALE,BLACK NON HISPANIC,Naomi,32
FEMALE,HISPANIC,Natalie,32
MALE,WHITE NON HISPANIC,Nicolas,32
MALE,HISPANIC,Tyler,32
FEMALE,ASIAN AND PACIFIC ISLANDER,Victoria,32
FEMALE,ASIAN AND PACIFIC ISLANDER,Abby,31
FEMALE,WHITE NON HISPANIC,Adeline,31
MALE,BLACK NON HISPANIC,Adonis,31
FEMALE,HISPANIC,Angelina,31
MALE,BLACK NON HISPANIC,Brandon,31
MALE,BLACK NON HISPANIC,Bryson,31
MALE,WHITE NON HISPANIC,Chase,31
FEMALE,HISPANIC,Diana,31
MALE,WHITE NON HISPANIC,Elliot,31
MALE,BLACK NON HISPANIC,Gabriel,31
FEMALE,WHITE NON HISPANIC,Hailey,31
FEMALE,BLACK NON HISPANIC,Mariam,31
FEMALE,WHITE NON HISPANIC,Molly,31
FEMALE,WHITE NON HISPANIC,Nechama,31
MALE,WHITE NON HISPANIC,Paul,31
MALE,WHITE NON HISPANIC,Raphael,31
MALE,WHITE NON HISPANIC,Shmiel,31
FEMALE,HISPANIC,Stephanie,31
FEMALE,ASIAN AND PACIFIC ISLANDER,Zoe,31
MALE,WHITE NON HISPANIC,Antonio,30
MALE,WHITE NON HISPANIC,Aryeh,30
FEMALE,ASIAN AND PACIFIC ISLANDER,Ayesha,30
MALE,HISPANIC,Brayden,30
FEMALE,ASIAN AND PACIFIC ISLANDER,Claire,30
MALE,WHITE NON HISPANIC,Colin,30
FEMALE,HISPANIC,Emilia,30
MALE,ASIAN AND PACIFIC ISLANDER,Joshua,30
FEMALE,WHITE NON HISPANIC,Kayla,30
FEMALE,BLACK NON HISPANIC,Mariama,30
MALE,BLACK NON HISPANIC,Nasir,30
FEMALE,BLACK NON HISPANIC,Paige,30
MALE,WHITE NON HISPANIC,Rocco,30
FEMALE,HISPANIC,Skylar,30
FEMALE,BLACK NON HISPANIC,Victoria,30
FEMALE,ASIAN AND PACIFIC ISLANDER,Vivian,30
FEMALE,WHITE NON HISPANIC,Vivian,30
FEMALE,HISPANIC,Ximena,30
FEMALE,BLACK NON HISPANIC,Zuri,30
MALE,WHITE NON HISPANIC,Amir,29
FEMALE,WHITE NON HISPANIC,Anastasia,29
FEMALE,ASIAN AND PACIFIC ISLANDER,Audrey,29
MALE,WHITE NON HISPANIC,Ben,29
MALE,HISPANIC,Bradley,29
MALE,BLACK NON HISPANIC,Bryce,29
MALE,WHITE NON HISPANIC,Cooper,29
MALE,WHITE NON HISPANIC,Eliyahu,29
MALE,BLACK NON HISPANIC,Emmanuel,29
FEMALE,WHITE NON HISPANIC,Frances,29
MALE,WHITE NON HISPANIC,Frank,29
FEMALE,WHITE NON HISPANIC,Goldy,29
FEMALE,ASIAN AND PACIFIC ISLANDER,Jessica,29
MALE,ASIAN AND PACIFIC ISLANDER,Joseph,29
MALE,WHITE NON HISPANIC,Kai,29
MALE,BLACK NON HISPANIC,Karter,29
FEMALE,HISPANIC,Keyla,29
MALE,BLACK NON HISPANIC,Kyle,29
MALE,WHITE NON HISPANIC,Lipa,29
FEMALE,HISPANIC,Michelle,29
FEMALE,WHITE NON HISPANIC,Michelle,29
MALE,ASIAN AND PACIFIC ISLANDER,Mohammed,29
FEMALE,WHITE NON HISPANIC,Quinn,29
FEMALE,WHITE NON HISPANIC,Rochel,29
MALE,WHITE NON HISPANIC,Simcha,29
MALE,WHITE NON HISPANIC,Tyler,29
MALE,HISPANIC,Victor,29
MALE,WHITE NON HISPANIC,Wesley,29
MALE,BLACK NON HISPANIC,Zachary,29
FEMALE,ASIAN AND PACIFIC ISLANDER,Zoey,29
MALE,ASIAN AND PACIFIC ISLANDER,Adam,28
FEMALE,ASIAN AND PACIFIC ISLANDER,Alice,28
MALE,HISPANIC,Andy,28
MALE,BLACK NON HISPANIC,Austin,28
MALE,BLACK NON HISPANIC,Avery,28
FEMALE,HISPANIC,Eliana,28
FEMALE,WHITE NON HISPANIC,Francesca,28
FEMALE,BLACK NON HISPANIC,Grace,28
MALE,WHITE NON HISPANIC,Hershy,28
MALE,HISPANIC,Jackson,28
FEMALE,BLACK NON HISPANIC,Jasmine,28
MALE,ASIAN AND PACIFIC ISLANDER,Julian,28
FEMALE,WHITE NON HISPANIC,Juliana,28
MALE,BLACK NON HISPANIC,Kai,28
MALE,BLACK NON HISPANIC,Lucas,28
FEMALE,WHITE NON HISPANIC,Maeve,28
MALE,BLACK NON HISPANIC,Mamadou,28
MALE,HISPANIC,Mathias,28
MALE,WHITE NON HISPANIC,Matteo,28
MALE,WHITE NON HISPANIC,Mayer,28
MALE,BLACK NON HISPANIC,Micah,28
FEMALE,BLACK NON HISPANIC,Morgan,28
FEMALE,HISPANIC,Mya,28
FEMALE,HISPANIC,Naomi,28
FEMALE,BLACK NON HISPANIC,Nyla,28
MALE,BLACK NON HISPANIC,Omari,28
FEMALE,ASIAN AND PACIFIC ISLANDER,Rachel,28
MALE,WHITE NON HISPANIC,Roman,28
FEMALE,WHITE NON HISPANIC,Shoshana,28
FEMALE,ASIAN AND PACIFIC ISLANDER,Sophie,28
MALE,ASIAN AND PACIFIC ISLANDER,Theodore,28
FEMALE,WHITE NON HISPANIC,Willa,28
MALE,WHITE NON HISPANIC,Yechiel,28
FEMALE,ASIAN AND PACIFIC ISLANDER,Zainab,28
FEMALE,WHITE NON HISPANIC,Addison,27
MALE,WHITE NON HISPANIC,Alan,27
FEMALE,BLACK NON HISPANIC,Aminata,27
FEMALE,ASIAN AND PACIFIC ISLANDER,Amy,27
FEMALE,WHITE NON HISPANIC,Annabelle,27
MALE,ASIAN AND PACIFIC ISLANDER,Arham,27
FEMALE,HISPANIC,Aylin,27
FEMALE,ASIAN AND PACIFIC ISLANDER,Bella,27
MALE,BLACK NON HISPANIC,Chance,27
FEMALE,HISPANIC,Chelsea,27
MALE,HISPANIC,Elian,27
FEMALE,HISPANIC,Ella,27
FEMALE,HISPANIC,Eva,27
FEMALE,WHITE NON HISPANIC,Fraidy,27
FEMALE,WHITE NON HISPANIC,Gemma,27
MALE,BLACK NON HISPANIC,Ibrahim,27
MALE,ASIAN AND PACIFIC ISLANDER,Jaden,27
FEMALE,HISPANIC,Jazlyn,27
MALE,HISPANIC,Jonah,27
FEMALE,HISPANIC,Kaitlyn,27
MALE,HISPANIC,King,27
MALE,WHITE NON HISPANIC,Lazer,27
MALE,WHITE NON HISPANIC,Luka,27
MALE,WHITE NON HISPANIC,Lukas,27
MALE,ASIAN AND PACIFIC ISLANDER,Marcus,27
FEMALE,WHITE NON HISPANIC,Margaret,27
FEMALE,HISPANIC,Mariana,27
MALE,WHITE NON HISPANIC,Milo,27
MALE,WHITE NON HISPANIC,Naftali,27
MALE,WHITE NON HISPANIC,Naftuli,27
MALE,ASIAN AND PACIFIC ISLANDER,Nicholas,27
MALE,WHITE NON HISPANIC,Parker,27
MALE,WHITE NON HISPANIC,Philip,27
FEMALE,ASIAN AND PACIFIC ISLANDER,Phoebe,27
MALE,WHITE NON HISPANIC,Rafael,27
MALE,ASIAN AND PACIFIC ISLANDER,Rayan,27
MALE,WHITE NON HISPANIC,Rayan,27
MALE,WHITE NON HISPANIC,Richard,27
MALE,BLACK NON HISPANIC,Sebastian,27
FEMALE,WHITE NON HISPANIC,Sury,27
MALE,HISPANIC,Zachary,27
FEMALE,HISPANIC,Alana,26
MALE,WHITE NON HISPANIC,Alex,26
FEMALE,ASIAN AND PACIFIC ISLANDER,Annie,26
MALE,WHITE NON HISPANIC,August,26
MALE,WHITE NON HISPANIC,Charlie,26
FEMALE,WHITE NON HISPANIC,Cora,26
MALE,HISPANIC,Cristian,26
MALE,ASIAN AND PACIFIC ISLANDER,David,26
MALE,WHITE NON HISPANIC,Declan,26
FEMALE,HISPANIC,Delilah,26
MALE,HISPANIC,Dominic,26
FEMALE,BLACK NON HISPANIC,Emily,26
FEMALE,ASIAN AND PACIFIC ISLANDER,Eva,26
MALE,HISPANIC,Giovanni,26
MALE,WHITE NON HISPANIC,Graham,26
MALE,HISPANIC,Jaden,26
MALE,HISPANIC,Jaxon,26
MALE,BLACK NON HISPANIC,Joseph,26
MALE,WHITE NON HISPANIC,Jude,26
FEMALE,ASIAN AND PACIFIC ISLANDER,Kayla,26
FEMALE,BLACK NON HISPANIC,Lauren,26
FEMALE,WHITE NON HISPANIC,Lyla,26
FEMALE,WHITE NON HISPANIC,Madelyn,26
FEMALE,ASIAN AND PACIFIC ISLANDER,Maryam,26
MALE,HISPANIC,Rafael,26
FEMALE,HISPANIC,Sarai,26
MALE,WHITE NON HISPANIC,Yousef,26
FEMALE,ASIAN AND PACIFIC ISLANDER,Zara,26
MALE,ASIAN AND PACIFIC ISLANDER,Aidan,25
FEMALE,ASIAN AND PACIFIC ISLANDER,Aisha,25
MALE,ASIAN AND PACIFIC ISLANDER,Alan,25
FEMALE,HISPANIC,Alina,25
FEMALE,HISPANIC,Aliyah,25
FEMALE,HISPANIC,Amanda,25
FEMALE,ASIAN AND PACIFIC ISLANDER,Angelina,25
MALE,ASIAN AND PACIFIC ISLANDER,Anthony,25
FEMALE,BLACK NON HISPANIC,Ariah,25
FEMALE,ASIAN AND PACIFIC ISLANDER,Ellie,25
MALE,WHITE NON HISPANIC,Elliott,25
MALE,HISPANIC,Emanuel,25
MALE,WHITE NON HISPANIC,Giovanni,25
FEMALE,WHITE NON HISPANIC,Giuliana,25
FEMALE,BLACK NON HISPANIC,Hailey,25
MALE,WHITE NON HISPANIC,Hamza,25
FEMALE,WHITE NON HISPANIC,Hindy,25
FEMALE,WHITE NON HISPANIC,Jane,25
MALE,WHITE NON HISPANIC,Jordan,25
MALE,HISPANIC,Jorge,25
MALE,HISPANIC,Julius,25
FEMALE,WHITE NON HISPANIC,June,25
MALE,WHITE NON HISPANIC,Justin,25
FEMALE,BLACK NON HISPANIC,Layla,25
FEMALE,HISPANIC,Lia,25
MALE,HISPANIC,Max,25
FEMALE,BLACK NON HISPANIC,Miracle,25
FEMALE,WHITE NON HISPANIC,Natalia,25
MALE,BLACK NON HISPANIC,Nicholas,25
MALE,ASIAN AND PACIFIC ISLANDER,Raymond,25
FEMALE,HISPANIC,Sara,25
FEMALE,BLACK NON HISPANIC,Sarah,25
FEMALE,WHITE NON HISPANIC,Savannah,25
MALE,ASIAN AND PACIFIC ISLANDER,Sean,25
FEMALE,WHITE NON HISPANIC,Sydney,25
MALE,WHITE NON HISPANIC,Theo,25
FEMALE,ASIAN AND PACIFIC ISLANDER,Tiffany,25
FEMALE,WHITE NON HISPANIC,Yides,25
MALE,WHITE NON HISPANIC,Yusuf,25
MALE,ASIAN AND PACIFIC ISLANDER,Zachary,25
FEMALE,HISPANIC,Alison,24
FEMALE,BLACK NON HISPANIC,Amina,24
FEMALE,BLACK NON HISPANIC,Amiyah,24
MALE,HISPANIC,Andres,24
MALE,WHITE NON HISPANIC,Ariel,24
FEMALE,WHITE NON HISPANIC,Ariella,24
MALE,WHITE NON HISPANIC,Austin,24
FEMALE,ASIAN AND PACIFIC ISLANDER,Avery,24
FEMALE,WHITE NON HISPANIC,Bella,24
FEMALE,WHITE NON HISPANIC,Bracha,24
MALE,HISPANIC,Cameron,24
MALE,WHITE NON HISPANIC,Cameron,24
MALE,HISPANIC,Carter,24
MALE,WHITE NON HISPANIC,Carter,24
MALE,ASIAN AND PACIFIC ISLANDER,Connor,24
MALE,WHITE NON HISPANIC,Conor,24
MALE,ASIAN AND PACIFIC ISLANDER,Derek,24
FEMALE,WHITE NON HISPANIC,Diana,24
FEMALE,WHITE NON HISPANIC,Eloise,24
FEMALE,WHITE NON HISPANIC,Emerson,24
MALE,HISPANIC,Emilio,24
FEMALE,BLACK NON HISPANIC,Emma,24
MALE,WHITE NON HISPANIC,Emmett,24
MALE,WHITE NON HISPANIC,Hershel,24
MALE,HISPANIC,Jack,24
MALE,BLACK NON HISPANIC,James,24
FEMALE,ASIAN AND PACIFIC ISLANDER,Jasmine,24
FEMALE,HISPANIC,Jasmine,24
MALE,WHITE NON HISPANIC,Jason,24
FEMALE,HISPANIC,Jayleen,24
MALE,HISPANIC,Jayson,24
FEMALE,ASIAN AND PACIFIC ISLANDER,Katherine,24
MALE,HISPANIC,Kenneth,24
MALE,ASIAN AND PACIFIC ISLANDER,Kyson,24
FEMALE,WHITE NON HISPANIC,Leila,24
FEMALE,WHITE NON HISPANIC,Mackenzie,24
MALE,WHITE NON HISPANIC,Maxim,24
MALE,WHITE NON HISPANIC,Maximilian,24
FEMALE,WHITE NON HISPANIC,Mira,24
FEMALE,ASIAN AND PACIFIC ISLANDER,Natalie,24
FEMALE,BLACK NON HISPANIC,Nylah,24
MALE,ASIAN AND PACIFIC ISLANDER,Oscar,24
MALE,HISPANIC,Owen,24
MALE,HISPANIC,Pablo,24
MALE,WHITE NON HISPANIC,Quinn,24
FEMALE,ASIAN AND PACIFIC ISLANDER,Riley,24
MALE,ASIAN AND PACIFIC ISLANDER,Rohan,24
FEMALE,HISPANIC,Ruby,24
MALE,WHITE NON HISPANIC,Shia,24
MALE,HISPANIC,Thomas,24
FEMALE,HISPANIC,Vanessa,24
MALE,WHITE NON HISPANIC,Victor,24
FEMALE,ASIAN AND PACIFIC ISLANDER,Aleena,23
FEMALE,ASIAN AND PACIFIC ISLANDER,Alexandra,23
FEMALE,HISPANIC,Alexandra,23
MALE,HISPANIC,Allen,23
FEMALE,HISPANIC,Amaia,23
FEMALE,HISPANIC,Antonella,23
FEMALE,BLACK NON HISPANIC,Ariana,23
MALE,ASIAN AND PACIFIC ISLANDER,Ayden,23
FEMALE,BLACK NON HISPANIC,Bella,23
FEMALE,BLACK NON HISPANIC,Chelsea,23
FEMALE,ASIAN AND PACIFIC ISLANDER,Cynthia,23
FEMALE,ASIAN AND PACIFIC ISLANDER,Elena,23
FEMALE,WHITE NON HISPANIC,Elena,23
FEMALE,WHITE NON HISPANIC,Eliza,23
FEMALE,BLACK NON HISPANIC,Elizabeth,23
MALE,WHITE NON HISPANIC,Felix,23
FEMALE,ASIAN AND PACIFIC ISLANDER,Hailey,23
FEMALE,BLACK NON HISPANIC,Heaven,23
MALE,ASIAN AND PACIFIC ISLANDER,Jackson,23
FEMALE,HISPANIC,Jocelyn,23
FEMALE,WHITE NON HISPANIC,Lara,23
MALE,WHITE NON HISPANIC,Lorenzo,23
MALE,ASIAN AND PACIFIC ISLANDER,Luke,23
FEMALE,ASIAN AND PACIFIC ISLANDER,Madison,23
MALE,BLACK NON HISPANIC,Maison,23
MALE,WHITE NON HISPANIC,Marco,23
MALE,WHITE NON HISPANIC,Martin,23
FEMALE,WHITE NON HISPANIC,Mary,23
MALE,WHITE NON HISPANIC,Maximus,23
FEMALE,ASIAN AND PACIFIC ISLANDER,Michelle,23
MALE,HISPANIC,Robert,23
MALE,ASIAN AND PACIFIC ISLANDER,Tyler,23
FEMALE,HISPANIC,Violet,23
FEMALE,WHITE NON HISPANIC,Ahuva,22
FEMALE,WHITE NON HISPANIC,Alexis,22
FEMALE,BLACK NON HISPANIC,Amaya,22
FEMALE,HISPANIC,Angelica,22
FEMALE,BLACK NON HISPANIC,Ariel,22
MALE,ASIAN AND PACIFIC ISLANDER,Aryan,22
MALE,WHITE NON HISPANIC,Avrohom,22
MALE,HISPANIC,Brian,22
FEMALE,HISPANIC,Brittany,22
MALE,ASIAN AND PACIFIC ISLANDER,Caleb,22
MALE,WHITE NON HISPANIC,Caleb,22
MALE,HISPANIC,Chase,22
MALE,ASIAN AND PACIFIC ISLANDER,Christopher,22
FEMALE,WHITE NON HISPANIC,Daniella,22
MALE,BLACK NON HISPANIC,Eli,22
FEMALE,WHITE NON HISPANIC,Ellie,22
MALE,HISPANIC,Eric,22
FEMALE,WHITE NON HISPANIC,Faiga,22
FEMALE,BLACK NON HISPANIC,Genesis,22
MALE,WHITE NON HISPANIC,Grant,22
MALE,HISPANIC,Hector,22
MALE,WHITE NON HISPANIC,Ian,22
MALE,HISPANIC,Jaiden,22
FEMALE,BLACK NON HISPANIC,Jordyn,22
FEMALE,HISPANIC,Juliana,22
FEMALE,HISPANIC,Juliet,22
MALE,HISPANIC,Julio,22
MALE,BLACK NON HISPANIC,Kaleb,22
FEMALE,WHITE NON HISPANIC,Laila,22
MALE,WHITE NON HISPANIC,Landon,22
FEMALE,HISPANIC,Leilani,22
MALE,WHITE NON HISPANIC,Lev,22
FEMALE,HISPANIC,Liliana,22
MALE,HISPANIC,Lorenzo,22
MALE,WHITE NON HISPANIC,Louis,22
FEMALE,WHITE NON HISPANIC,Mariam,22
MALE,HISPANIC,Maximiliano,22
FEMALE,HISPANIC,Melany,22
FEMALE,ASIAN AND PACIFIC ISLANDER,Melody,22
MALE,ASIAN AND PACIFIC ISLANDER,Nathaniel,22
MALE,HISPANIC,Noel,22
FEMALE,BLACK NON HISPANIC,Paris,22
FEMALE,WHITE NON HISPANIC,Pessy,22
MALE,WHITE NON HISPANIC,Rowan,22
MALE,WHITE NON HISPANIC,Sean,22
FEMALE,HISPANIC,Sophie,22
MALE,WHITE NON HISPANIC,Spencer,22
MALE,WHITE NON HISPANIC,Timothy,22
FEMALE,BLACK NON HISPANIC,Trinity,22
MALE,BLACK NON HISPANIC,Adam,21
MALE,HISPANIC,Aidan,21
MALE,WHITE NON HISPANIC,Akiva,21
FEMALE,WHITE NON HISPANIC,Alessia,21
MALE,BLACK NON HISPANIC,Andrew,21
FEMALE,HISPANIC,Athena,21
FEMALE,HISPANIC,Audrey,21
MALE,HISPANIC,Avery,21
FEMALE,WHITE NON HISPANIC,Blimy,21
MALE,WHITE NON HISPANIC,Brandon,21
FEMALE,HISPANIC,Briana,21
FEMALE,ASIAN AND PACIFIC ISLANDER,Chelsea,21
MALE,ASIAN AND PACIFIC ISLANDER,Christian,21
FEMALE,HISPANIC,Danna,21
MALE,WHITE NON HISPANIC,Dominic,21
MALE,HISPANIC,Eduardo,21
FEMALE,ASIAN AND PACIFIC ISLANDER,Elizabeth,21
MALE,WHITE NON HISPANIC,Ellis,21
MALE,HISPANIC,Francisco,21
FEMALE,BLACK NON HISPANIC,Gabriella,21
MALE,HISPANIC,Greyson,21
FEMALE,BLACK NON HISPANIC,Imani,21
MALE,ASIAN AND PACIFIC ISLANDER,Isaac,21
FEMALE,ASIAN AND PACIFIC ISLANDER,Ivy,21
FEMALE,HISPANIC,Jayla,21
FEMALE,ASIAN AND PACIFIC ISLANDER,Kaylee,21
FEMALE,BLACK NON HISPANIC,Kennedy,21
FEMALE,WHITE NON HISPANIC,Kira,21
FEMALE,HISPANIC,London,21
FEMALE,WHITE NON HISPANIC,Luna,21
FEMALE,HISPANIC,Maia,21
FEMALE,BLACK NON HISPANIC,Mariah,21
FEMALE,WHITE NON HISPANIC,Mindy,21
MALE,WHITE NON HISPANIC,Noam,21
MALE,HISPANIC,Peter,21
MALE,WHITE NON HISPANIC,Reid,21
FEMALE,WHITE NON HISPANIC,Samira,21
FEMALE,WHITE NON HISPANIC,Skylar,21
MALE,ASIAN AND PACIFIC ISLANDER,Steven,21
FEMALE,BLACK NON HISPANIC,Talia,21
MALE,ASIAN AND PACIFIC ISLANDER,Tristan,21
MALE,WHITE NON HISPANIC,Usher,21
MALE,HISPANIC,Vincent,21
MALE,ASIAN AND PACIFIC ISLANDER,Winston,21
MALE,WHITE NON HISPANIC,Yehoshua,21
MALE,WHITE NON HISPANIC,Youssef,21
MALE,ASIAN AND PACIFIC ISLANDER,Zayn,21
FEMALE,WHITE NON HISPANIC,Ada,20
MALE,ASIAN AND PACIFIC ISLANDER,Adrian,20
FEMALE,ASIAN AND PACIFIC ISLANDER,Aizah,20
MALE,WHITE NON HISPANIC,Albert,20
MALE,ASIAN AND PACIFIC ISLANDER,Allen,20
FEMALE,ASIAN AND PACIFIC ISLANDER,Allison,20
FEMALE,BLACK NON HISPANIC,Alyssa,20
FEMALE,HISPANIC,Amalia,20
MALE,HISPANIC,Anderson,20
MALE,ASIAN AND PACIFIC ISLANDER,Arjun,20
MALE,WHITE NON HISPANIC,Arlo,20
FEMALE,HISPANIC,Aurora,20
FEMALE,HISPANIC,Autumn,20
MALE,WHITE NON HISPANIC,Baruch,20
MALE,BLACK NON HISPANIC,Benjamin,20
MALE,HISPANIC,Bryce,20
MALE,HISPANIC,Cesar,20
MALE,WHITE NON HISPANIC,Cheskel,20
FEMALE,BLACK NON HISPANIC,Dakota,20
MALE,HISPANIC,Dariel,20
FEMALE,BLACK NON HISPANIC,Destiny,20
FEMALE,HISPANIC,Destiny,20
MALE,WHITE NON HISPANIC,Eitan,20
MALE,WHITE NON HISPANIC,Eric,20
MALE,BLACK NON HISPANIC,Ezra,20
MALE,WHITE NON HISPANIC,Gavriel,20
FEMALE,WHITE NON HISPANIC,Georgia,20
MALE,ASIAN AND PACIFIC ISLANDER,Hudson,20
FEMALE,ASIAN AND PACIFIC ISLANDER,Irene,20
MALE,BLACK NON HISPANIC,Isaac,20
FEMALE,ASIAN AND PACIFIC ISLANDER,Isabelle,20
MALE,HISPANIC,Ismael,20
FEMALE,BLACK NON HISPANIC,Jayla,20
FEMALE,HISPANIC,Jessica,20
MALE,HISPANIC,Jonas,20
MALE,BLACK NON HISPANIC,Julian,20
FEMALE,HISPANIC,Julianna,20
MALE,HISPANIC,Kaiden,20
FEMALE,BLACK NON HISPANIC,Kaylee,20
FEMALE,WHITE NON HISPANIC,Keira,20
FEMALE,BLACK NON HISPANIC,Kimora,20
FEMALE,HISPANIC,Lauren,20
FEMALE,ASIAN AND PACIFIC ISLANDER,Leah,20
MALE,BLACK NON HISPANIC,Major,20
MALE,BLACK NON HISPANIC,Malik,20
MALE,WHITE NON HISPANIC,Marcus,20
FEMALE,WHITE NON HISPANIC,Margot,20
FEMALE,WHITE NON HISPANIC,Maryam,20
FEMALE,BLACK NON HISPANIC,Maya,20
MALE,WHITE NON HISPANIC,Meshilem,20
FEMALE,WHITE NON HISPANIC,Noor,20
FEMALE,HISPANIC,Nova,20
FEMALE,WHITE NON HISPANIC,Phoebe,20
FEMALE,ASIAN AND PACIFIC ISLANDER,Queenie,20
MALE,HISPANIC,Richard,20
FEMALE,HISPANIC,Rose,20
FEMALE,WHITE NON HISPANIC,Sasha,20
MALE,ASIAN AND PACIFIC ISLANDER,Sebastian,20
FEMALE,HISPANIC,Selena,20
FEMALE,HISPANIC,Sherlyn,20
MALE,WHITE NON HISPANIC,Shlome,20
FEMALE,ASIAN AND PACIFIC ISLANDER,Sofia,20
FEMALE,BLACK NON HISPANIC,Sydney,20
FEMALE,ASIAN AND PACIFIC ISLANDER,Tenzin,20
MALE,ASIAN AND PACIFIC ISLANDER,Wesley,20
FEMALE,WHITE NON HISPANIC,Yael,20
MALE,WHITE NON HISPANIC,Abdullah,19
FEMALE,WHITE NON HISPANIC,Adina,19
FEMALE,WHITE NON HISPANIC,Alessandra,19
FEMALE,WHITE NON HISPANIC,Alina,19
FEMALE,HISPANIC,Alondra,19
FEMALE,ASIAN AND PACIFIC ISLANDER,Alyssa,19
FEMALE,WHITE NON HISPANIC,Amalia,19
MALE,HISPANIC,Amir,19
FEMALE,ASIAN AND PACIFIC ISLANDER,Ariel,19
FEMALE,WHITE NON HISPANIC,Arielle,19
MALE,WHITE NON HISPANIC,Avi,19
FEMALE,WHITE NON HISPANIC,Ayla,19
MALE,WHITE NON HISPANIC,Bennett,19
FEMALE,WHITE NON HISPANIC,Brooke,19
FEMALE,WHITE NON HISPANIC,Catherine,19
FEMALE,BLACK NON HISPANIC,Charlotte,19
MALE,HISPANIC,Damien,19
FEMALE,HISPANIC,Daniella,19
FEMALE,WHITE NON HISPANIC,Dylan,19
MALE,ASIAN AND PACIFIC ISLANDER,Elijah,19
MALE,WHITE NON HISPANIC,Everett,19
MALE,HISPANIC,Ezra,19
MALE,ASIAN AND PACIFIC ISLANDER,George,19
MALE,HISPANIC,George,19
MALE,HISPANIC,Grayson,19
MALE,ASIAN AND PACIFIC ISLANDER,Hamza,19
FEMALE,ASIAN AND PACIFIC ISLANDER,Harper,19
FEMALE,HISPANIC,Helen,19
MALE,WHITE NON HISPANIC,Ibrahim,19
FEMALE,ASIAN AND PACIFIC ISLANDER,Inaaya,19
MALE,WHITE NON HISPANIC,Jasper,19
MALE,WHITE NON HISPANIC,Jaxon,19
MALE,HISPANIC,Jaxson,19
FEMALE,HISPANIC,Jazmin,19
MALE,HISPANIC,Jefferson,19
FEMALE,HISPANIC,Jennifer,19
FEMALE,HISPANIC,Julia,19
FEMALE,BLACK NON HISPANIC,Leilani,19
FEMALE,WHITE NON HISPANIC,Liana,19
MALE,ASIAN AND PACIFIC ISLANDER,Louis,19
FEMALE,WHITE NON HISPANIC,Lydia,19
FEMALE,WHITE NON HISPANIC,Madeleine,19
MALE,HISPANIC,Manuel,19
MALE,WHITE NON HISPANIC,Mendy,19
FEMALE,BLACK NON HISPANIC,Michelle,19
FEMALE,WHITE NON HISPANIC,Milana,19
MALE,HISPANIC,Moises,19
FEMALE,ASIAN AND PACIFIC ISLANDER,Myra,19
MALE,WHITE NON HISPANIC,Nico,19
FEMALE,WHITE NON HISPANIC,Perl,19
MALE,HISPANIC,Prince,19
MALE,ASIAN AND PACIFIC ISLANDER,Rayyan,19
FEMALE,WHITE NON HISPANIC,Sabrina,19
MALE,WHITE NON HISPANIC,Salvatore,19
FEMALE,WHITE NON HISPANIC,Shira,19
MALE,WHITE NON HISPANIC,Shloime,19
MALE,WHITE NON HISPANIC,Shloimy,19
FEMALE,HISPANIC,Stella,19
FEMALE,ASIAN AND PACIFIC ISLANDER,Stephanie,19
FEMALE,WHITE NON HISPANIC,Summer,19
MALE,ASIAN AND PACIFIC ISLANDER,Xavier,19
MALE,ASIAN AND PACIFIC ISLANDER,Yusuf,19
MALE,HISPANIC,Zayden,19
MALE,HISPANIC,Zion,19
FEMALE,BLACK NON HISPANIC,Aliyah,18
FEMALE,WHITE NON HISPANIC,Alma,18
FEMALE,HISPANIC,Angie,18
FEMALE,BLACK NON HISPANIC,Aniyah,18
FEMALE,HISPANIC,Annabelle,18
MALE,ASIAN AND PACIFIC ISLANDER,Anson,18
FEMALE,HISPANIC,April,18
FEMALE,HISPANIC,Arya,18
FEMALE,BLACK NON HISPANIC,Aubrey,18
FEMALE,BLACK NON HISPANIC,Avery,18
FEMALE,WHITE NON HISPANIC,Avigail,18
MALE,ASIAN AND PACIFIC ISLANDER,Ayan,18
FEMALE,WHITE NON HISPANIC,Beatrice,18
MALE,ASIAN AND PACIFIC ISLANDER,Benson,18
FEMALE,HISPANIC,Bianca,18
FEMALE,WHITE NON HISPANIC,Bianca,18
MALE,ASIAN AND PACIFIC ISLANDER,Caden,18
FEMALE,WHITE NON HISPANIC,Cecilia,18
FEMALE,WHITE NON HISPANIC,Charlie,18
FEMALE,ASIAN AND PACIFIC ISLANDER,Christina,18
FEMALE,WHITE NON HISPANIC,Colette,18
MALE,WHITE NON HISPANIC,Efraim,18
MALE,WHITE NON HISPANIC,Elimelech,18
MALE,ASIAN AND PACIFIC ISLANDER,Gabriel,18
FEMALE,WHITE NON HISPANIC,Gabriela,18
FEMALE,HISPANIC,Giselle,18
FEMALE,WHITE NON HISPANIC,Gittel,18
MALE,ASIAN AND PACIFIC ISLANDER,Harrison,18
MALE,WHITE NON HISPANIC,Hugo,18
FEMALE,ASIAN AND PACIFIC ISLANDER,Iris,18
MALE,ASIAN AND PACIFIC ISLANDER,Jack,18
MALE,BLACK NON HISPANIC,Jaiden,18
MALE,WHITE NON HISPANIC,Jayden,18
MALE,ASIAN AND PACIFIC ISLANDER,Jerry,18
MALE,ASIAN AND PACIFIC ISLANDER,Jordan,18
FEMALE,ASIAN AND PACIFIC ISLANDER,Joyce,18
FEMALE,ASIAN AND PACIFIC ISLANDER,Katie,18
MALE,ASIAN AND PACIFIC ISLANDER,Kingsley,18
MALE,HISPANIC,Leandro,18
MALE,HISPANIC,Levi,18
FEMALE,ASIAN AND PACIFIC ISLANDER,Lily,18
FEMALE,HISPANIC,Lily,18
FEMALE,BLACK NON HISPANIC,Lyric,18
FEMALE,HISPANIC,Mariah,18
MALE,HISPANIC,Mathew,18
MALE,ASIAN AND PACIFIC ISLANDER,Miles,18
FEMALE,HISPANIC,Miranda,18
MALE,WHITE NON HISPANIC,Morris,18
FEMALE,ASIAN AND PACIFIC ISLANDER,Nina,18
MALE,HISPANIC,Nolan,18
FEMALE,WHITE NON HISPANIC,Raizel,18
MALE,HISPANIC,Ricardo,18
MALE,BLACK NON HISPANIC,Richard,18
MALE,BLACK NON HISPANIC,Robert,18
FEMALE,WHITE NON HISPANIC,Salma,18
FEMALE,WHITE NON HISPANIC,Taylor,18
FEMALE,BLACK NON HISPANIC,Tori,18
MALE,HISPANIC,Tristan,18
MALE,HISPANIC,Uriel,18
MALE,BLACK NON HISPANIC,William,18
FEMALE,WHITE NON HISPANIC,Zoey,18
MALE,BLACK NON HISPANIC,Adrian,17
FEMALE,WHITE NON HISPANIC,Adriana,17
MALE,WHITE NON HISPANIC,Aharon,17
FEMALE,HISPANIC,Alejandra,17
FEMALE,ASIAN AND PACIFIC ISLANDER,Alisha,17
FEMALE,WHITE NON HISPANIC,Alyssa,17
FEMALE,BLACK NON HISPANIC,Arielle,17
FEMALE,WHITE NON HISPANIC,Aurora,17
MALE,ASIAN AND PACIFIC ISLANDER,Bryan,17
MALE,HISPANIC,Bryson,17
FEMALE,WHITE NON HISPANIC,Camilla,17
FEMALE,HISPANIC,Catalina,17
MALE,ASIAN AND PACIFIC ISLANDER,Charles,17
MALE,HISPANIC,Chris,17
FEMALE,ASIAN AND PACIFIC ISLANDER,Cindy,17
FEMALE,ASIAN AND PACIFIC ISLANDER,Crystal,17
MALE,HISPANIC,Dominick,17
MALE,HISPANIC,Ean,17
FEMALE,BLACK NON HISPANIC,Egypt,17
FEMALE,BLACK NON HISPANIC,Eliana,17
MALE,BLACK NON HISPANIC,Elias,17
FEMALE,WHITE NON HISPANIC,Elise,17
FEMALE,WHITE NON HISPANIC,Eve,17
FEMALE,WHITE NON HISPANIC,Hana,17
FEMALE,BLACK NON HISPANIC,Hannah,17
FEMALE,WHITE NON HISPANIC,Helen,17
MALE,WHITE NON HISPANIC,Hersh,17
FEMALE,WHITE NON HISPANIC,Iris,17
FEMALE,WHITE NON HISPANIC,Ivy,17
FEMALE,HISPANIC,Jaylene,17
MALE,HISPANIC,Joaquin,17
MALE,ASIAN AND PACIFIC ISLANDER,John,17
MALE,BLACK NON HISPANIC,John,17
FEMALE,WHITE NON HISPANIC,Julianna,17
FEMALE,ASIAN AND PACIFIC ISLANDER,Kaitlyn,17
MALE,ASIAN AND PACIFIC ISLANDER,Kayden,17
FEMALE,HISPANIC,Keily,17
MALE,WHITE NON HISPANIC,Kevin,17
FEMALE,BLACK NON HISPANIC,Kiara,17
MALE,WHITE NON HISPANIC,Kyle,17
FEMALE,HISPANIC,Laila,17
FEMALE,WHITE NON HISPANIC,Lea,17
MALE,BLACK NON HISPANIC,Legend,17
FEMALE,WHITE NON HISPANIC,Lola,17
FEMALE,HISPANIC,Lucia,17
MALE,HISPANIC,Luke,17
FEMALE,HISPANIC,Madelyn,17
MALE,HISPANIC,Maison,17
MALE,HISPANIC,Mark,17
MALE,HISPANIC,Maximus,17
FEMALE,ASIAN AND PACIFIC ISLANDER,Mila,17
MALE,HISPANIC,Milan,17
MALE,WHITE NON HISPANIC,Muhammad,17
MALE,ASIAN AND PACIFIC ISLANDER,Musa,17
FEMALE,BLACK NON HISPANIC,Mya,17
FEMALE,ASIAN AND PACIFIC ISLANDER,Nicole,17
MALE,BLACK NON HISPANIC,Nolan,17
FEMALE,WHITE NON HISPANIC,Olive,17
MALE,BLACK NON HISPANIC,Royal,17
FEMALE,WHITE NON HISPANIC,Ruchy,17
FEMALE,WHITE NON HISPANIC,Ruth,17
FEMALE,HISPANIC,Sabrina,17
FEMALE,HISPANIC,Samara,17
MALE,WHITE NON HISPANIC,Samir,17
MALE,WHITE NON HISPANIC,Shane,17
MALE,ASIAN AND PACIFIC ISLANDER,Thomas,17
MALE,WHITE NON HISPANIC,Yossi,17
MALE,HISPANIC,Abdiel,16
MALE,HISPANIC,Adonis,16
FEMALE,HISPANIC,Alessandra,16
MALE,BLACK NON HISPANIC,Alpha,16
FEMALE,ASIAN AND PACIFIC ISLANDER,Amanda,16
FEMALE,ASIAN AND PACIFIC ISLANDER,Amber,16
MALE,WHITE NON HISPANIC,Anas,16
FEMALE,BLACK NON HISPANIC,Anaya,16
MALE,WHITE NON HISPANIC,Angelo,16
FEMALE,ASIAN AND PACIFIC ISLANDER,Arianna,16
FEMALE,WHITE NON HISPANIC,Arianna,16
MALE,HISPANIC,Ariel,16
MALE,WHITE NON HISPANIC,Brian,16
FEMALE,WHITE NON HISPANIC,Bruchy,16
FEMALE,ASIAN AND PACIFIC ISLANDER,Catherine,16
FEMALE,WHITE NON HISPANIC,Celine,16
MALE,HISPANIC,Charles,16
FEMALE,WHITE NON HISPANIC,Chavy,16
FEMALE,HISPANIC,Daisy,16
FEMALE,HISPANIC,Esther,16
MALE,ASIAN AND PACIFIC ISLANDER,Felix,16
FEMALE,WHITE NON HISPANIC,Frady,16
MALE,WHITE NON HISPANIC,Francesco,16
FEMALE,WHITE NON HISPANIC,Genevieve,16
MALE,BLACK NON HISPANIC,Grayson,16
FEMALE,HISPANIC,Guadalupe,16
FEMALE,WHITE NON HISPANIC,Hadassah,16
FEMALE,ASIAN AND PACIFIC ISLANDER,Hanna,16
FEMALE,WHITE NON HISPANIC,Hanna,16
FEMALE,BLACK NON HISPANIC,Harmony,16
FEMALE,HISPANIC,Heaven,16
FEMALE,ASIAN AND PACIFIC ISLANDER,Hoorain,16
FEMALE,WHITE NON HISPANIC,Idy,16
FEMALE,BLACK NON HISPANIC,Isabelle,16
MALE,HISPANIC,Israel,16
FEMALE,BLACK NON HISPANIC,Janelle,16
MALE,BLACK NON HISPANIC,Jaxon,16
MALE,HISPANIC,Jay,16
MALE,HISPANIC,Jaycob,16
MALE,HISPANIC,Jeffrey,16
MALE,WHITE NON HISPANIC,Joel,16
FEMALE,BLACK NON HISPANIC,Journee,16
MALE,BLACK NON HISPANIC,Justice,16
FEMALE,HISPANIC,Karen,16
FEMALE,ASIAN AND PACIFIC ISLANDER,Kelly,16
MALE,BLACK NON HISPANIC,Kevin,16
FEMALE,WHITE NON HISPANIC,Lana,16
MALE,ASIAN AND PACIFIC ISLANDER,Lawrence,16
FEMALE,WHITE NON HISPANIC,Lena,16
FEMALE,HISPANIC,Liana,16
FEMALE,WHITE NON HISPANIC,Louise,16
MALE,HISPANIC,Luca,16
FEMALE,ASIAN AND PACIFIC ISLANDER,Manha,16
MALE,HISPANIC,Marcos,16
MALE,HISPANIC,Martin,16
MALE,WHITE NON HISPANIC,Mateo,16
FEMALE,WHITE NON HISPANIC,Matilda,16
MALE,WHITE NON HISPANIC,Mohammed,16
MALE,WHITE NON HISPANIC,Moishe,16
MALE,HISPANIC,Pedro,16
MALE,WHITE NON HISPANIC,Pinchas,16
FEMALE,ASIAN AND PACIFIC ISLANDER,Queena,16
FEMALE,WHITE NON HISPANIC,Reese,16
MALE,ASIAN AND PACIFIC ISLANDER,Roy,16
FEMALE,ASIAN AND PACIFIC ISLANDER,Sara,16
FEMALE,HISPANIC,Sasha,16
FEMALE,WHITE NON HISPANIC,Shaina,16
FEMALE,BLACK NON HISPANIC,Skyla,16
FEMALE,WHITE NON HISPANIC,Sylvie,16
FEMALE,WHITE NON HISPANIC,Tzipora,16
FEMALE,HISPANIC,Valery,16
FEMALE,WHITE NON HISPANIC,Veronica,16
FEMALE,HISPANIC,Yaretzi,16
FEMALE,WHITE NON HISPANIC,Yehudis,16
MALE,BLACK NON HISPANIC,Zaire,16
MALE,ASIAN AND PACIFIC ISLANDER,Aarav,15
MALE,ASIAN AND PACIFIC ISLANDER,Ahnaf,15
FEMALE,BLACK NON HISPANIC,Alani,15
FEMALE,HISPANIC,Alicia,15
FEMALE,WHITE NON HISPANIC,Aliza,15
FEMALE,WHITE NON HISPANIC,Amelie,15
FEMALE,BLACK NON HISPANIC,Amira,15
FEMALE,HISPANIC,Analia,15
MALE,BLACK NON HISPANIC,Andre,15
MALE,HISPANIC,Andre,15
MALE,HISPANIC,Angelo,15
FEMALE,WHITE NON HISPANIC,Annabel,15
FEMALE,HISPANIC,Ariella,15
FEMALE,ASIAN AND PACIFIC ISLANDER,Athena,15
MALE,WHITE NON HISPANIC,Axel,15
FEMALE,ASIAN AND PACIFIC ISLANDER,Ayat,15
MALE,WHITE NON HISPANIC,Benzion,15
MALE,WHITE NON HISPANIC,Binyamin,15
MALE,WHITE NON HISPANIC,Blake,15
MALE,WHITE NON HISPANIC,Bodhi,15
MALE,HISPANIC,Brayan,15
FEMALE,BLACK NON HISPANIC,Brianna,15
FEMALE,HISPANIC,Brielle,15
MALE,WHITE NON HISPANIC,Calvin,15
MALE,ASIAN AND PACIFIC ISLANDER,Carson,15
MALE,WHITE NON HISPANIC,Chesky,15
MALE,WHITE NON HISPANIC,Damian,15
FEMALE,WHITE NON HISPANIC,Devora,15
MALE,WHITE NON HISPANIC,Donovan,15
MALE,HISPANIC,Edgar,15
FEMALE,HISPANIC,Eileen,15
MALE,ASIAN AND PACIFIC ISLANDER,Eli,15
FEMALE,WHITE NON HISPANIC,Elisheva,15
MALE,HISPANIC,Enzo,15
FEMALE,HISPANIC,Esmeralda,15
FEMALE,WHITE NON HISPANIC,Fradel,15
FEMALE,WHITE NON HISPANIC,Frimet,15
MALE,BLACK NON HISPANIC,Giovanni,15
FEMALE,ASIAN AND PACIFIC ISLANDER,Hana,15
FEMALE,HISPANIC,Hannah,15
FEMALE,WHITE NON HISPANIC,Henny,15
FEMALE,HISPANIC,Isabelle,15
FEMALE,HISPANIC,Itzel,15
FEMALE,HISPANIC,Izabella,15
FEMALE,HISPANIC,Jacqueline,15
FEMALE,BLACK NON HISPANIC,Jade,15
MALE,ASIAN AND PACIFIC ISLANDER,Jeffrey,15
FEMALE,ASIAN AND PACIFIC ISLANDER,Jocelyn,15
FEMALE,ASIAN AND PACIFIC ISLANDER,Julia,15
FEMALE,HISPANIC,Kamila,15
FEMALE,WHITE NON HISPANIC,Kate,15
FEMALE,HISPANIC,Kelly,15
MALE,HISPANIC,Kenny,15
MALE,BLACK NON HISPANIC,Khalil,15
FEMALE,WHITE NON HISPANIC,Layan,15
FEMALE,HISPANIC,Leila,15
MALE,ASIAN AND PACIFIC ISLANDER,Leon,15
MALE,BLACK NON HISPANIC,Levi,15
MALE,HISPANIC,Louis,15
MALE,HISPANIC,Lukas,15
FEMALE,WHITE NON HISPANIC,Malika,15
FEMALE,BLACK NON HISPANIC,Maliyah,15
MALE,HISPANIC,Marcus,15
MALE,BLACK NON HISPANIC,Mekhi,15
FEMALE,WHITE NON HISPANIC,Morgan,15
MALE,BLACK NON HISPANIC,Muhammad,15
FEMALE,HISPANIC,Natasha,15
FEMALE,HISPANIC,Nathalia,15
MALE,BLACK NON HISPANIC,Ousmane,15
FEMALE,ASIAN AND PACIFIC ISLANDER,Penelope,15
MALE,ASIAN AND PACIFIC ISLANDER,Preston,15
MALE,BLACK NON HISPANIC,Princeton,15
FEMALE,WHITE NON HISPANIC,Raquel,15
MALE,WHITE NON HISPANIC,Raymond,15
MALE,HISPANIC,Roman,15
MALE,WHITE NON HISPANIC,Ronan,15
MALE,WHITE NON HISPANIC,Ryder,15
FEMALE,WHITE NON HISPANIC,Sabina,15
FEMALE,BLACK NON HISPANIC,Sage,15
MALE,BLACK NON HISPANIC,Sean,15
FEMALE,ASIAN AND PACIFIC ISLANDER,Serena,15
FEMALE,WHITE NON HISPANIC,Serena,15
FEMALE,WHITE NON HISPANIC,Shifra,15
FEMALE,WHITE NON HISPANIC,Siena,15
FEMALE,HISPANIC,Sienna,15
FEMALE,WHITE NON HISPANIC,Vera,15
MALE,WHITE NON HISPANIC,Vincenzo,15
FEMALE,WHITE NON HISPANIC,Willow,15
MALE,WHITE NON HISPANIC,Zalmen,15
FEMALE,BLACK NON HISPANIC,Zariah,15
FEMALE,WHITE NON HISPANIC,Zissy,15
MALE,ASIAN AND PACIFIC ISLANDER,Aayan,14
MALE,ASIAN AND PACIFIC ISLANDER,Abdul,14
FEMALE,WHITE NON HISPANIC,Adelaide,14
MALE,ASIAN AND PACIFIC ISLANDER,Ahmed,14
MALE,BLACK NON HISPANIC,Aidan,14
FEMALE,HISPANIC,Aileen,14
FEMALE,HISPANIC,Aleah,14
MALE,BLACK NON HISPANIC,Alex,14
FEMALE,HISPANIC,Allyson,14
FEMALE,BLACK NON HISPANIC,Amirah,14
FEMALE,HISPANIC,Angela,14
FEMALE,HISPANIC,Annalise,14
MALE,BLACK NON HISPANIC,Asher,14
MALE,WHITE NON HISPANIC,Avery,14
MALE,WHITE NON HISPANIC,Beckett,14
FEMALE,WHITE NON HISPANIC,Blake,14
FEMALE,WHITE NON HISPANIC,Brianna,14
FEMALE,WHITE NON HISPANIC,Brielle,14
MALE,WHITE NON HISPANIC,Brody,14
FEMALE,BLACK NON HISPANIC,Brooke,14
FEMALE,WHITE NON HISPANIC,Brucha,14
FEMALE,HISPANIC,Bryanna,14
MALE,ASIAN AND PACIFIC ISLANDER,Calvin,14
FEMALE,HISPANIC,Carla,14
FEMALE,HISPANIC,Cataleya,14
MALE,ASIAN AND PACIFIC ISLANDER,Chris,14
FEMALE,ASIAN AND PACIFIC ISLANDER,Clara,14
FEMALE,WHITE NON HISPANIC,Eden,14
MALE,ASIAN AND PACIFIC ISLANDER,Edison,14
FEMALE,ASIAN AND PACIFIC ISLANDER,Elaine,14
FEMALE,ASIAN AND PACIFIC ISLANDER,Emilia,14
FEMALE,WHITE NON HISPANIC,Esme,14
MALE,BLACK NON HISPANIC,Ezekiel,14
MALE,HISPANIC,Ezekiel,14
MALE,WHITE NON HISPANIC,Frederick,14
FEMALE,WHITE NON HISPANIC,Golda,14
MALE,WHITE NON HISPANIC,Griffin,14
MALE,WHITE NON HISPANIC,Harry,14
MALE,ASIAN AND PACIFIC ISLANDER,Hunter,14
FEMALE,ASIAN AND PACIFIC ISLANDER,Inaya,14
MALE,HISPANIC,Isaias,14
FEMALE,ASIAN AND PACIFIC ISLANDER,Jacqueline,14
FEMALE,HISPANIC,Jaylah,14
MALE,BLACK NON HISPANIC,Jaylen,14
MALE,HISPANIC,Jean,14
FEMALE,WHITE NON HISPANIC,Judy,14
MALE,ASIAN AND PACIFIC ISLANDER,Kabir,14
MALE,BLACK NON HISPANIC,Kaden,14
MALE,HISPANIC,Kaden,14
MALE,HISPANIC,Kai,14
FEMALE,BLACK NON HISPANIC,Kali,14
MALE,ASIAN AND PACIFIC ISLANDER,Krish,14
MALE,HISPANIC,Kyrie,14
FEMALE,ASIAN AND PACIFIC ISLANDER,Leanna,14
FEMALE,HISPANIC,Leia,14
MALE,WHITE NON HISPANIC,Leonard,14
FEMALE,WHITE NON HISPANIC,Liv,14
FEMALE,WHITE NON HISPANIC,Livia,14
FEMALE,BLACK NON HISPANIC,Londyn,14
FEMALE,WHITE NON HISPANIC,Louisa,14
FEMALE,HISPANIC,Luciana,14
FEMALE,ASIAN AND PACIFIC ISLANDER,Lydia,14
FEMALE,HISPANIC,Mackenzie,14
FEMALE,WHITE NON HISPANIC,Malak,14
MALE,BLACK NON HISPANIC,Maximus,14
MALE,HISPANIC,Maxwell,14
FEMALE,BLACK NON HISPANIC,McKenzie,14
MALE,ASIAN AND PACIFIC ISLANDER,Md,14
FEMALE,ASIAN AND PACIFIC ISLANDER,Mina,14
FEMALE,WHITE NON HISPANIC,Mirel,14
MALE,WHITE NON HISPANIC,Mohammad,14
MALE,BLACK NON HISPANIC,Mouhamed,14
MALE,ASIAN AND PACIFIC ISLANDER,Mustafa,14
FEMALE,WHITE NON HISPANIC,Nadia,14
FEMALE,BLACK NON HISPANIC,Nala,14
FEMALE,HISPANIC,Nashla,14
FEMALE,HISPANIC,Nathaly,14
FEMALE,BLACK NON HISPANIC,Nova,14
FEMALE,WHITE NON HISPANIC,Paige,14
FEMALE,WHITE NON HISPANIC,Perel,14
MALE,WHITE NON HISPANIC,Pinchus,14
MALE,HISPANIC,Raymond,14
FEMALE,WHITE NON HISPANIC,Reagan,14
MALE,WHITE NON HISPANIC,Reuven,14
MALE,ASIAN AND PACIFIC ISLANDER,Richard,14
FEMALE,WHITE NON HISPANIC,Rifka,14
FEMALE,WHITE NON HISPANIC,Rivkah,14
MALE,HISPANIC,Roberto,14
FEMALE,ASIAN AND PACIFIC ISLANDER,Samantha,14
FEMALE,BLACK NON HISPANIC,Sarai,14
MALE,BLACK NON HISPANIC,Shane,14
MALE,WHITE NON HISPANIC,Silas,14
FEMALE,HISPANIC,Skyla,14
MALE,WHITE NON HISPANIC,Timur,14
FEMALE,WHITE NON HISPANIC,Tziporah,14
MALE,HISPANIC,Valentino,14
FEMALE,ASIAN AND PACIFIC ISLANDER,Vicky,14
FEMALE,ASIAN AND PACIFIC ISLANDER,Winnie,14
MALE,HISPANIC,Yadiel,14
MALE,WHITE NON HISPANIC,Yisrael,14
MALE,WHITE NON HISPANIC,Yoel,14
FEMALE,BLACK NON HISPANIC,Zara,14
MALE,ASIAN AND PACIFIC ISLANDER,Zayan,14
MALE,ASIAN AND PACIFIC ISLANDER,Aaryan,13
FEMALE,BLACK NON HISPANIC,Addison,13
MALE,ASIAN AND PACIFIC ISLANDER,Adyan,13
FEMALE,BLACK NON HISPANIC,Alexis,13
FEMALE,ASIAN AND PACIFIC ISLANDER,Amaya,13
FEMALE,HISPANIC,Amirah,13
FEMALE,WHITE NON HISPANIC,Amy,13
FEMALE,HISPANIC,Anastasia,13
FEMALE,ASIAN AND PACIFIC ISLANDER,Angel,13
MALE,ASIAN AND PACIFIC ISLANDER,Armaan,13
MALE,HISPANIC,Armani,13
MALE,ASIAN AND PACIFIC ISLANDER,Azaan,13
MALE,WHITE NON HISPANIC,Boruch,13
MALE,ASIAN AND PACIFIC ISLANDER,Brayden,13
MALE,WHITE NON HISPANIC,Brayden,13
MALE,ASIAN AND PACIFIC ISLANDER,Cameron,13
FEMALE,HISPANIC,Camilla,13
FEMALE,HISPANIC,Celine,13
FEMALE,BLACK NON HISPANIC,Christina,13
MALE,ASIAN AND PACIFIC ISLANDER,Cyrus,13
FEMALE,WHITE NON HISPANIC,Dahlia,13
FEMALE,BLACK NON HISPANIC,Danielle,13
MALE,BLACK NON HISPANIC,Darius,13
MALE,WHITE NON HISPANIC,Dominick,13
FEMALE,HISPANIC,Elianna,13
FEMALE,HISPANIC,Elisa,13
FEMALE,ASIAN AND PACIFIC ISLANDER,Elsa,13
MALE,WHITE NON HISPANIC,Elya,13
FEMALE,HISPANIC,Erika,13
FEMALE,WHITE NON HISPANIC,Etty,13
FEMALE,BLACK NON HISPANIC,Eva,13
MALE,HISPANIC,Fernando,13
MALE,WHITE NON HISPANIC,Francis,13
MALE,HISPANIC,Franklin,13
FEMALE,WHITE NON HISPANIC,Freida,13
FEMALE,WHITE NON HISPANIC,Frieda,13
FEMALE,WHITE NON HISPANIC,Gabrielle,13
FEMALE,HISPANIC,Gia,13
FEMALE,WHITE NON HISPANIC,Gia,13
FEMALE,BLACK NON HISPANIC,Gianna,13
MALE,WHITE NON HISPANIC,Greyson,13
FEMALE,ASIAN AND PACIFIC ISLANDER,Haniya,13
MALE,ASIAN AND PACIFIC ISLANDER,Hashim,13
FEMALE,HISPANIC,Hazel,13
MALE,BLACK NON HISPANIC,Ibrahima,13
MALE,BLACK NON HISPANIC,Israel,13
MALE,WHITE NON HISPANIC,Jace,13
MALE,WHITE NON HISPANIC,Jad,13
MALE,BLACK NON HISPANIC,Jamari,13
MALE,BLACK NON HISPANIC,Jaxson,13
MALE,WHITE NON HISPANIC,Jaxson,13
MALE,ASIAN AND PACIFIC ISLANDER,Johnny,13
MALE,BLACK NON HISPANIC,Jonas,13
FEMALE,BLACK NON HISPANIC,Joy,13
MALE,BLACK NON HISPANIC,Judah,13
FEMALE,WHITE NON HISPANIC,Juniper,13
MALE,BLACK NON HISPANIC,Kameron,13
FEMALE,HISPANIC,Kendra,13
MALE,ASIAN AND PACIFIC ISLANDER,Kian,13
MALE,HISPANIC,Landon,13
FEMALE,HISPANIC,Laura,13
FEMALE,WHITE NON HISPANIC,Lauren,13
FEMALE,WHITE NON HISPANIC,Lia,13
FEMALE,HISPANIC,Lizbeth,13
FEMALE,ASIAN AND PACIFIC ISLANDER,Lucy,13
FEMALE,BLACK NON HISPANIC,Mackenzie,13
MALE,WHITE NON HISPANIC,Malik,13
MALE,HISPANIC,Marco,13
MALE,ASIAN AND PACIFIC ISLANDER,Maxwell,13
FEMALE,HISPANIC,Megan,13
FEMALE,HISPANIC,Miah,13
MALE,WHITE NON HISPANIC,Micah,13
FEMALE,HISPANIC,Mikaela,13
FEMALE,HISPANIC,Nyla,13
FEMALE,HISPANIC,Nylah,13
MALE,WHITE NON HISPANIC,Pierce,13
FEMALE,HISPANIC,Rachel,13
MALE,HISPANIC,Randy,13
MALE,ASIAN AND PACIFIC ISLANDER,Rehan,13
FEMALE,WHITE NON HISPANIC,Rifky,13
MALE,WHITE NON HISPANIC,River,13
FEMALE,WHITE NON HISPANIC,Ryan,13
FEMALE,HISPANIC,Sadie,13
MALE,HISPANIC,Sergio,13
FEMALE,ASIAN AND PACIFIC ISLANDER,Sharon,13
FEMALE,WHITE NON HISPANIC,Shea,13
FEMALE,WHITE NON HISPANIC,Simone,13
MALE,BLACK NON HISPANIC,Sincere,13
MALE,WHITE NON HISPANIC,Stephen,13
MALE,WHITE NON HISPANIC,Steven,13
FEMALE,WHITE NON HISPANIC,Teagan,13
MALE,BLACK NON HISPANIC,Timothy,13
FEMALE,WHITE NON HISPANIC,Tova,13
MALE,WHITE NON HISPANIC,Tristan,13
FEMALE,WHITE NON HISPANIC,Vienna,13
MALE,WHITE NON HISPANIC,Xavier,13
MALE,WHITE NON HISPANIC,Yitzchak,13
MALE,ASIAN AND PACIFIC ISLANDER,Aden,12
MALE,HISPANIC,Adiel,12
FEMALE,WHITE NON HISPANIC,Adrianna,12
MALE,ASIAN AND PACIFIC ISLANDER,Ahmad,12
FEMALE,HISPANIC,Alani,12
MALE,HISPANIC,Alessandro,12
FEMALE,HISPANIC,Alia,12
FEMALE,HISPANIC,Aliah,12
MALE,BLACK NON HISPANIC,Amadou,12
FEMALE,WHITE NON HISPANIC,Amanda,12
FEMALE,ASIAN AND PACIFIC ISLANDER,Amara,12
FEMALE,BLACK NON HISPANIC,Amara,12
MALE,WHITE NON HISPANIC,Ameer,12
FEMALE,HISPANIC,Angelique,12
FEMALE,ASIAN AND PACIFIC ISLANDER,Annabelle,12
FEMALE,ASIAN AND PACIFIC ISLANDER,Anne,12
FEMALE,WHITE NON HISPANIC,Antonia,12
FEMALE,HISPANIC,Arabella,12
MALE,ASIAN AND PACIFIC ISLANDER,Ashton,12
FEMALE,WHITE NON HISPANIC,Aubrey,12
MALE,HISPANIC,August,12
MALE,WHITE NON HISPANIC,Avrum,12
MALE,WHITE NON HISPANIC,Ayden,12
FEMALE,HISPANIC,Ayleen,12
FEMALE,WHITE NON HISPANIC,Basya,12
FEMALE,WHITE NON HISPANIC,Batsheva,12
FEMALE,WHITE NON HISPANIC,Batya,12
FEMALE,BLACK NON HISPANIC,Bintou,12
MALE,BLACK NON HISPANIC,Blake,12
FEMALE,WHITE NON HISPANIC,Breindy,12
MALE,WHITE NON HISPANIC,Brendan,12
FEMALE,HISPANIC,Britney,12
MALE,BLACK NON HISPANIC,Bryan,12
MALE,HISPANIC,Byron,12
MALE,BLACK NON HISPANIC,Cairo,12
FEMALE,BLACK NON HISPANIC,Cali,12
FEMALE,WHITE NON HISPANIC,Camille,12
FEMALE,ASIAN AND PACIFIC ISLANDER,Carina,12
MALE,ASIAN AND PACIFIC ISLANDER,Carter,12
FEMALE,ASIAN AND PACIFIC ISLANDER,Celine,12
MALE,BLACK NON HISPANIC,Charles,12
MALE,WHITE NON HISPANIC,Cyrus,12
MALE,ASIAN AND PACIFIC ISLANDER,Damon,12
MALE,WHITE NON HISPANIC,Desmond,12
MALE,ASIAN AND PACIFIC ISLANDER,Eden,12
FEMALE,BLACK NON HISPANIC,Eden,12
FEMALE,WHITE NON HISPANIC,Edith,12
FEMALE,ASIAN AND PACIFIC ISLANDER,Eleanor,12
MALE,HISPANIC,Eliel,12
FEMALE,WHITE NON HISPANIC,Elisa,12
FEMALE,HISPANIC,Eliza,12
FEMALE,BLACK NON HISPANIC,Ella,12
MALE,ASIAN AND PACIFIC ISLANDER,Elvis,12
MALE,HISPANIC,Enrique,12
MALE,WHITE NON HISPANIC,Enzo,12
FEMALE,ASIAN AND PACIFIC ISLANDER,Esther,12
FEMALE,HISPANIC,Evangeline,12
FEMALE,WHITE NON HISPANIC,Everly,12
FEMALE,HISPANIC,Faith,12
FEMALE,HISPANIC,Fatima,12
FEMALE,WHITE NON HISPANIC,Fatima,12
MALE,HISPANIC,Felipe,12
MALE,WHITE NON HISPANIC,Fishel,12
MALE,HISPANIC,Frank,12
FEMALE,WHITE NON HISPANIC,Freya,12
MALE,WHITE NON HISPANIC,Giuseppe,12
MALE,BLACK NON HISPANIC,Greyson,12
FEMALE,WHITE NON HISPANIC,Hadley,12
FEMALE,BLACK NON HISPANIC,Harper,12
MALE,HISPANIC,Harrison,12
FEMALE,WHITE NON HISPANIC,Hinda,12
MALE,HISPANIC,Hudson,12
MALE,WHITE NON HISPANIC,Imran,12
MALE,WHITE NON HISPANIC,Ivan,12
FEMALE,WHITE NON HISPANIC,Jacqueline,12
FEMALE,BLACK NON HISPANIC,Jada,12
MALE,HISPANIC,Jael,12
FEMALE,HISPANIC,Jaelyn,12
FEMALE,HISPANIC,Jamie,12
FEMALE,BLACK NON HISPANIC,Janiyah,12
MALE,HISPANIC,Jariel,12
MALE,WHITE NON HISPANIC,Jay,12
FEMALE,ASIAN AND PACIFIC ISLANDER,Jessie,12
MALE,HISPANIC,Jimmy,12
MALE,HISPANIC,Johann,12
FEMALE,HISPANIC,Josephine,12
FEMALE,BLACK NON HISPANIC,Journey,12
FEMALE,ASIAN AND PACIFIC ISLANDER,Joy,12
FEMALE,WHITE NON HISPANIC,Julie,12
MALE,WHITE NON HISPANIC,Julien,12
MALE,HISPANIC,Kaleb,12
MALE,BLACK NON HISPANIC,Kamari,12
FEMALE,ASIAN AND PACIFIC ISLANDER,Karen,12
FEMALE,HISPANIC,Kaylie,12
FEMALE,HISPANIC,Khaleesi,12
MALE,HISPANIC,Kyle,12
FEMALE,WHITE NON HISPANIC,Laura,12
FEMALE,HISPANIC,Lesly,12
FEMALE,WHITE NON HISPANIC,Liba,12
FEMALE,WHITE NON HISPANIC,Lilah,12
FEMALE,WHITE NON HISPANIC,Liora,12
MALE,WHITE NON HISPANIC,Lucian,12
FEMALE,ASIAN AND PACIFIC ISLANDER,Luna,12
FEMALE,WHITE NON HISPANIC,Maia,12
FEMALE,HISPANIC,Makayla,12
MALE,HISPANIC,Mario,12
FEMALE,BLACK NON HISPANIC,Marley,12
FEMALE,ASIAN AND PACIFIC ISLANDER,Meera,12
FEMALE,HISPANIC,Melody,12
FEMALE,BLACK NON HISPANIC,Milani,12
FEMALE,WHITE NON HISPANIC,Miri,12
MALE,HISPANIC,Omar,12
MALE,WHITE NON HISPANIC,Otto,12
FEMALE,BLACK NON HISPANIC,Oumou,12
MALE,BLACK NON HISPANIC,Peyton,12
MALE,BLACK NON HISPANIC,Preston,12
MALE,HISPANIC,Rodrigo,12
FEMALE,HISPANIC,Roselyn,12
FEMALE,HISPANIC,Ruth,12
MALE,WHITE NON HISPANIC,Sami,12
FEMALE,BLACK NON HISPANIC,Sasha,12
FEMALE,ASIAN AND PACIFIC ISLANDER,Savannah,12
MALE,WHITE NON HISPANIC,Selim,12
FEMALE,ASIAN AND PACIFIC ISLANDER,Selina,12
MALE,ASIAN AND PACIFIC ISLANDER,Shawn,12
FEMALE,WHITE NON HISPANIC,Shevy,12
MALE,WHITE NON HISPANIC,Sholom,12
FEMALE,HISPANIC,Skyler,12
MALE,ASIAN AND PACIFIC ISLANDER,Stanley,12
FEMALE,ASIAN AND PACIFIC ISLANDER,Stella,12
FEMALE,WHITE NON HISPANIC,Tessa,12
FEMALE,BLACK NON HISPANIC,Tianna,12
FEMALE,HISPANIC,Tiffany,12
FEMALE,WHITE NON HISPANIC,Toba,12
FEMALE,WHITE NON HISPANIC,Trany,12
FEMALE,ASIAN AND PACIFIC ISLANDER,Valerie,12
MALE,BLACK NON HISPANIC,Victor,12
MALE,WHITE NON HISPANIC,Yonatan,12
MALE,WHITE NON HISPANIC,Zayn,12
MALE,ASIAN AND PACIFIC ISLANDER,Aahil,11
MALE,BLACK NON HISPANIC,Abdoul,11
FEMALE,HISPANIC,Adelyn,11
MALE,WHITE NON HISPANIC,Ahmad,11
MALE,WHITE NON HISPANIC,Ahron,11
FEMALE,BLACK NON HISPANIC,Aicha,11
FEMALE,BLACK NON HISPANIC,Aissatou,11
FEMALE,HISPANIC,Alaina,11
FEMALE,HISPANIC,Alanna,11
MALE,ASIAN AND PACIFIC ISLANDER,Albert,11
FEMALE,HISPANIC,Alexis,11
FEMALE,WHITE NON HISPANIC,Alisa,11
MALE,HISPANIC,Allan,11
FEMALE,HISPANIC,Amayah,11
FEMALE,ASIAN AND PACIFIC ISLANDER,Amina,11
FEMALE,HISPANIC,Anaya,11
FEMALE,HISPANIC,Anna,11
FEMALE,WHITE NON HISPANIC,Anne,11
FEMALE,HISPANIC,Arianny,11
FEMALE,HISPANIC,Arielle,11
FEMALE,HISPANIC,Arlette,11
MALE,ASIAN AND PACIFIC ISLANDER,Asher,11
FEMALE,BLACK NON HISPANIC,Audrey,11
FEMALE,WHITE NON HISPANIC,Aviva,11
MALE,ASIAN AND PACIFIC ISLANDER,Aydin,11
FEMALE,ASIAN AND PACIFIC ISLANDER,Bonnie,11
MALE,BLACK NON HISPANIC,Caiden,11
FEMALE,WHITE NON HISPANIC,Camila,11
FEMALE,HISPANIC,Celeste,11
MALE,ASIAN AND PACIFIC ISLANDER,Cody,11
MALE,BLACK NON HISPANIC,Connor,11
FEMALE,WHITE NON HISPANIC,Dalia,11
FEMALE,WHITE NON HISPANIC,Daria,11
FEMALE,HISPANIC,Dayana,11
MALE,BLACK NON HISPANIC,Derrick,11
FEMALE,WHITE NON HISPANIC,Diyora,11
MALE,ASIAN AND PACIFIC ISLANDER,Edward,11
MALE,ASIAN AND PACIFIC ISLANDER,Edwin,11
FEMALE,HISPANIC,Elianny,11
MALE,HISPANIC,Elliot,11
FEMALE,ASIAN AND PACIFIC ISLANDER,Eunice,11
MALE,HISPANIC,Ezequiel,11
MALE,ASIAN AND PACIFIC ISLANDER,Farhan,11
FEMALE,WHITE NON HISPANIC,Farida,11
FEMALE,HISPANIC,Fernanda,11
MALE,BLACK NON HISPANIC,George,11
MALE,WHITE NON HISPANIC,Gianluca,11
FEMALE,WHITE NON HISPANIC,Goldie,11
MALE,WHITE NON HISPANIC,Gregory,11
FEMALE,ASIAN AND PACIFIC ISLANDER,Hareem,11
FEMALE,HISPANIC,Harley,11
FEMALE,WHITE NON HISPANIC,Harley,11
MALE,ASIAN AND PACIFIC ISLANDER,Hayden,11
MALE,ASIAN AND PACIFIC ISLANDER,Hugo,11
MALE,WHITE NON HISPANIC,Isaiah,11
MALE,ASIAN AND PACIFIC ISLANDER,Jace,11
MALE,HISPANIC,Jared,11
MALE,HISPANIC,Jasiah,11
MALE,HISPANIC,Jax,11
FEMALE,HISPANIC,Jaylin,11
FEMALE,WHITE NON HISPANIC,Jenna,11
FEMALE,ASIAN AND PACIFIC ISLANDER,Jenny,11
MALE,WHITE NON HISPANIC,Jeremy,11
MALE,WHITE NON HISPANIC,Jesse,11
MALE,HISPANIC,Johnny,11
MALE,BLACK NON HISPANIC,Jonah,11
MALE,WHITE NON HISPANIC,Josef,11
FEMALE,WHITE NON HISPANIC,Kaia,11
FEMALE,BLACK NON HISPANIC,Kaliyah,11
FEMALE,HISPANIC,Kelsey,11
MALE,HISPANIC,Kelvin,11
MALE,BLACK NON HISPANIC,Kingston,11
FEMALE,ASIAN AND PACIFIC ISLANDER,Kira,11
FEMALE,ASIAN AND PACIFIC ISLANDER,Layla,11
FEMALE,HISPANIC,Leilany,11
MALE,HISPANIC,Lenny,11
MALE,HISPANIC,Leonidas,11
FEMALE,WHITE NON HISPANIC,Leyla,11
FEMALE,ASIAN AND PACIFIC ISLANDER,Lillian,11
FEMALE,HISPANIC,Lillian,11
FEMALE,WHITE NON HISPANIC,Lilly,11
MALE,ASIAN AND PACIFIC ISLANDER,Lincoln,11
FEMALE,HISPANIC,Luz,11
FEMALE,HISPANIC,Madeline,11
FEMALE,WHITE NON HISPANIC,Madina,11
FEMALE,ASIAN AND PACIFIC ISLANDER,Mahnoor,11
FEMALE,BLACK NON HISPANIC,Malaysia,11
FEMALE,HISPANIC,Malia,11
MALE,WHITE NON HISPANIC,Marcel,11
MALE,BLACK NON HISPANIC,Marcus,11
FEMALE,BLACK NON HISPANIC,Mckenzie,11
FEMALE,BLACK NON HISPANIC,Melanie,11
MALE,WHITE NON HISPANIC,Milan,11
MALE,HISPANIC,Miles,11
FEMALE,ASIAN AND PACIFIC ISLANDER,Miranda,11
FEMALE,HISPANIC,Montserrat,11
MALE,WHITE NON HISPANIC,Motty,11
MALE,BLACK NON HISPANIC,Moussa,11
FEMALE,BLACK NON HISPANIC,Nalani,11
FEMALE,HISPANIC,Nathalie,11
MALE,HISPANIC,Nathanael,11
MALE,BLACK NON HISPANIC,Nehemiah,11
FEMALE,HISPANIC,Nia,11
MALE,WHITE NON HISPANIC,Nikolai,11
FEMALE,ASIAN AND PACIFIC ISLANDER,Noor,11
FEMALE,ASIAN AND PACIFIC ISLANDER,Nora,11
FEMALE,HISPANIC,Paige,11
MALE,HISPANIC,Paul,11
MALE,WHITE NON HISPANIC,Peretz,11
FEMALE,BLACK NON HISPANIC,Princess,11
FEMALE,BLACK NON HISPANIC,Reign,11
FEMALE,HISPANIC,Rosemary,11
MALE,WHITE NON HISPANIC,Russell,11
FEMALE,BLACK NON HISPANIC,Rylee,11
MALE,WHITE NON HISPANIC,Santino,11
FEMALE,HISPANIC,Scarlet,11
FEMALE,ASIAN AND PACIFIC ISLANDER,Scarlett,11
MALE,WHITE NON HISPANIC,Shalom,11
MALE,WHITE NON HISPANIC,Shraga,11
FEMALE,WHITE NON HISPANIC,Sima,11
MALE,ASIAN AND PACIFIC ISLANDER,Simon,11
FEMALE,ASIAN AND PACIFIC ISLANDER,Sylvia,11
FEMALE,WHITE NON HISPANIC,Tamar,11
FEMALE,BLACK NON HISPANIC,Tamia,11
FEMALE,ASIAN AND PACIFIC ISLANDER,Taylor,11
MALE,HISPANIC,Timothy,11
FEMALE,WHITE NON HISPANIC,Valerie,11
MALE,WHITE NON HISPANIC,Walter,11
MALE,WHITE NON HISPANIC,Wolf,11
FEMALE,HISPANIC,Yamileth,11
MALE,WHITE NON HISPANIC,Yassin,11
FEMALE,ASIAN AND PACIFIC ISLANDER,Yuna,11
MALE,HISPANIC,Zabdiel,11
FEMALE,ASIAN AND PACIFIC ISLANDER,Zahra,11
MALE,WHITE NON HISPANIC,Zain,11
FEMALE,HISPANIC,Zara,11
FEMALE,WHITE NON HISPANIC,Zara,11
MALE,BLACK NON HISPANIC,Abraham,10
FEMALE,HISPANIC,Adeline,10
FEMALE,ASIAN AND PACIFIC ISLANDER,Aileen,10
FEMALE,HISPANIC,Alayna,10
MALE,HISPANIC,Albert,10
MALE,ASIAN AND PACIFIC ISLANDER,Ali,10
MALE,BLACK NON HISPANIC,Ali,10
FEMALE,ASIAN AND PACIFIC ISLANDER,Aliyah,10
MALE,ASIAN AND PACIFIC ISLANDER,Alston,10
MALE,BLACK NON HISPANIC,Ameer,10
FEMALE,HISPANIC,Amina,10
FEMALE,ASIAN AND PACIFIC ISLANDER,Amira,10
FEMALE,WHITE NON HISPANIC,Ana,10
FEMALE,ASIAN AND PACIFIC ISLANDER,Anabia,10
FEMALE,ASIAN AND PACIFIC ISLANDER,Anjali,10
FEMALE,BLACK NON HISPANIC,Annabelle,10
MALE,HISPANIC,Antonio,10
FEMALE,ASIAN AND PACIFIC ISLANDER,Arisha,10
MALE,HISPANIC,Arturo,10
MALE,HISPANIC,Asher,10
FEMALE,BLACK NON HISPANIC,Ashley,10
FEMALE,WHITE NON HISPANIC,Ashley,10
MALE,WHITE NON HISPANIC,Augustus,10
FEMALE,WHITE NON HISPANIC,Autumn,10
MALE,WHITE NON HISPANIC,Aviel,10
FEMALE,HISPANIC,Belen,10
MALE,WHITE NON HISPANIC,Berl,10
FEMALE,BLACK NON HISPANIC,Blessing,10
MALE,WHITE NON HISPANIC,Bradley,10
MALE,BLACK NON HISPANIC,Brayden,10
FEMALE,ASIAN AND PACIFIC ISLANDER,Brianna,10
FEMALE,WHITE NON HISPANIC,Briella,10
FEMALE,WHITE NON HISPANIC,Brooklyn,10
FEMALE,WHITE NON HISPANIC,Brynn,10
MALE,HISPANIC,Caiden,10
MALE,WHITE NON HISPANIC,Camden,10
MALE,BLACK NON HISPANIC,Camren,10
FEMALE,ASIAN AND PACIFIC ISLANDER,Caroline,10
FEMALE,HISPANIC,Caroline,10
FEMALE,HISPANIC,Cassandra,10
MALE,ASIAN AND PACIFIC ISLANDER,Cayden,10
MALE,BLACK NON HISPANIC,Cayden,10
FEMALE,WHITE NON HISPANIC,Christina,10
FEMALE,WHITE NON HISPANIC,Cleo,10
MALE,WHITE NON HISPANIC,Colton,10
FEMALE,HISPANIC,Crystal,10
MALE,BLACK NON HISPANIC,Damari,10
FEMALE,WHITE NON HISPANIC,Danielle,10
MALE,HISPANIC,Dante,10
MALE,HISPANIC,Darwin,10
FEMALE,WHITE NON HISPANIC,Delilah,10
MALE,ASIAN AND PACIFIC ISLANDER,Devin,10
MALE,WHITE NON HISPANIC,Dillon,10
MALE,HISPANIC,Edison,10
MALE,WHITE NON HISPANIC,Elan,10
MALE,HISPANIC,Eliam,10
FEMALE,WHITE NON HISPANIC,Evangeline,10
MALE,WHITE NON HISPANIC,Eyad,10
MALE,HISPANIC,Fabian,10
FEMALE,BLACK NON HISPANIC,Fanta,10
MALE,HISPANIC,Felix,10
FEMALE,WHITE NON HISPANIC,Finley,10
MALE,HISPANIC,Gavin,10
MALE,ASIAN AND PACIFIC ISLANDER,Grayson,10
FEMALE,ASIAN AND PACIFIC ISLANDER,Hazel,10
MALE,BLACK NON HISPANIC,Henry,10
MALE,WHITE NON HISPANIC,Herman,10
FEMALE,BLACK NON HISPANIC,Hope,10
FEMALE,HISPANIC,Isabela,10
FEMALE,HISPANIC,Ivanna,10
FEMALE,BLACK NON HISPANIC,Jaliyah,10
MALE,BLACK NON HISPANIC,Jamal,10
FEMALE,HISPANIC,Janelle,10
FEMALE,ASIAN AND PACIFIC ISLANDER,Jannatul,10
FEMALE,HISPANIC,Jasmin,10
MALE,HISPANIC,Jayceon,10
FEMALE,HISPANIC,Jimena,10
MALE,WHITE NON HISPANIC,Joaquin,10
FEMALE,HISPANIC,Jolie,10
FEMALE,HISPANIC,Karla,10
FEMALE,HISPANIC,Kate,10
FEMALE,WHITE NON HISPANIC,Katerina,10
FEMALE,HISPANIC,Kaylani,10
FEMALE,ASIAN AND PACIFIC ISLANDER,Keira,10
MALE,HISPANIC,Kendrick,10
FEMALE,BLACK NON HISPANIC,Khadija,10
MALE,ASIAN AND PACIFIC ISLANDER,Kimi,10
FEMALE,BLACK NON HISPANIC,Kori,10
MALE,BLACK NON HISPANIC,Kyree,10
FEMALE,ASIAN AND PACIFIC ISLANDER,Laura,10
FEMALE,ASIAN AND PACIFIC ISLANDER,Leela,10
MALE,WHITE NON HISPANIC,Leibish,10
FEMALE,BLACK NON HISPANIC,Leila,10
MALE,WHITE NON HISPANIC,Leonidas,10
FEMALE,ASIAN AND PACIFIC ISLANDER,Lia,10
FEMALE,WHITE NON HISPANIC,Lilliana,10
FEMALE,WHITE NON HISPANIC,Lina,10
MALE,WHITE NON HISPANIC,Lincoln,10
MALE,HISPANIC,Lionel,10
FEMALE,ASIAN AND PACIFIC ISLANDER,Livia,10
FEMALE,WHITE NON HISPANIC,Logan,10
FEMALE,WHITE NON HISPANIC,Maggie,10
FEMALE,BLACK NON HISPANIC,Maimouna,10
MALE,WHITE NON HISPANIC,Malek,10
FEMALE,WHITE NON HISPANIC,Margaux,10
FEMALE,ASIAN AND PACIFIC ISLANDER,Mariam,10
MALE,HISPANIC,Marlon,10
FEMALE,WHITE NON HISPANIC,Marlowe,10
MALE,HISPANIC,Matthias,10
MALE,HISPANIC,Maximilian,10
MALE,WHITE NON HISPANIC,Meilech,10
MALE,WHITE NON HISPANIC,Meyer,10
FEMALE,WHITE NON HISPANIC,Michal,10
MALE,ASIAN AND PACIFIC ISLANDER,Mikael,10
FEMALE,BLACK NON HISPANIC,Mikayla,10
MALE,HISPANIC,Mike,10
FEMALE,BLACK NON HISPANIC,Mila,10
FEMALE,BLACK NON HISPANIC,Milan,10
MALE,BLACK NON HISPANIC,Miles,10
FEMALE,ASIAN AND PACIFIC ISLANDER,Mira,10
MALE,WHITE NON HISPANIC,Mordche,10
MALE,BLACK NON HISPANIC,Myles,10
FEMALE,HISPANIC,Nayeli,10
MALE,ASIAN AND PACIFIC ISLANDER,Nelson,10
MALE,HISPANIC,Nelson,10
FEMALE,WHITE NON HISPANIC,Nicolette,10
MALE,WHITE NON HISPANIC,Nikolas,10
MALE,WHITE NON HISPANIC,Noach,10
FEMALE,HISPANIC,Noemi,10
MALE,WHITE NON HISPANIC,Nosson,10
MALE,BLACK NON HISPANIC,Omar,10
MALE,BLACK NON HISPANIC,Oumar,10
FEMALE,HISPANIC,Paris,10
FEMALE,HISPANIC,Peyton,10
FEMALE,WHITE NON HISPANIC,Poppy,10
FEMALE,WHITE NON HISPANIC,Reem,10
FEMALE,WHITE NON HISPANIC,Riva,10
MALE,ASIAN AND PACIFIC ISLANDER,Robert,10
MALE,ASIAN AND PACIFIC ISLANDER,Ryder,10
FEMALE,BLACK NON HISPANIC,Sanaa,10
FEMALE,BLACK NON HISPANIC,Sanai,10
FEMALE,BLACK NON HISPANIC,Saniyah,10
MALE,HISPANIC,Sean,10
FEMALE,HISPANIC,Shirley,10
FEMALE,BLACK NON HISPANIC,Skye,10
FEMALE,WHITE NON HISPANIC,Sonia,10
MALE,ASIAN AND PACIFIC ISLANDER,Sulaiman,10
FEMALE,ASIAN AND PACIFIC ISLANDER,Summer,10
FEMALE,WHITE NON HISPANIC,Suri,10
FEMALE,ASIAN AND PACIFIC ISLANDER,Syeda,10
FEMALE,WHITE NON HISPANIC,Sylvia,10
FEMALE,WHITE NON HISPANIC,Tamara,10
MALE,ASIAN AND PACIFIC ISLANDER,Terry,10
FEMALE,BLACK NON HISPANIC,Tiana,10
MALE,ASIAN AND PACIFIC ISLANDER,Timothy,10
FEMALE,HISPANIC,Trinity,10
MALE,WHITE NON HISPANIC,Umar,10
FEMALE,WHITE NON HISPANIC,Vanessa,10
FEMALE,HISPANIC,Veronica,10
MALE,ASIAN AND PACIFIC ISLANDER,Victor,10
FEMALE,BLACK NON HISPANIC,Violet,10
MALE,WHITE NON HISPANIC,Walker,10
FEMALE,HISPANIC,Wendy,10
MALE,ASIAN AND PACIFIC ISLANDER,Wilson,10
MALE,WHITE NON HISPANIC,Winston,10
MALE,BLACK NON HISPANIC,Wyatt,10
FEMALE,WHITE NON HISPANIC,Yasmin,10
FEMALE,BLACK NON HISPANIC,Zahra,10
FEMALE,WHITE NON HISPANIC,Zainab,10
MALE,BLACK NON HISPANIC,Zayden,10
FEMALE,WHITE NON HISPANIC,Zelda,10
